,id,unique_id,cnn_intrsctn_fkey,cnn_sgmt_fkey,case_id_pkey,tb_latitude,tb_longitude,geocode_source,geocode_location,collision_datetime,collision_date,collision_time,accident_year,month,day_of_week,primary_rd,secondary_rd,distance,weather_1,collision_severity,type_of_collision,mviw,ped_action,road_surface,road_cond_1,lighting,intersection,number_killed,number_injured,party_at_fault,party1_type,party1_dir_of_travel,party1_move_pre_acc,party2_type,party2_dir_of_travel,party2_move_pre_acc,point,Neighborhoods,Current Police Districts,Current Supervisor Districts,Analysis Neighborhoods,hour
7509,vw_geo_sfpd_cr_switrs_all_types_col_cty_union.fid-c18a0c2_186644fdb18_-265b,30440,25219000.0,,170254072,37.7875481397435,-122.421758104408,SFPD-CROSSROADS,CITY STREET,03/28/2017 02:50:00 PM,2017 March 28,14:50:00,2017,March,Tuesday,VAN NESS AVE,SUTTER ST,0.0,Clear,Injury (Other Visible),Vehicle/Pedestrian,Pedestrian,Crossing in Crosswalk at Intersection,Dry,No Unusual Condition,Daylight,Intersection <= 20ft,0.0,1,1.0,Pedestrian,East,Proceeding Straight,Driver,North,Proceeding Straight,POINT (-122.42176 37.787548),100.0,4.0,6.0,39.0,14
7513,vw_geo_sfpd_cr_switrs_all_types_col_cty_union.fid-c18a0c2_186644fdb18_-2d2b,24696,30739000.0,,160511735,37.7839914868634,-122.408066547888,SFPD-CROSSROADS,CITY STREET,06/24/2016 01:39:00 PM,2016 June 24,13:39:00,2016,June,Friday,CYRIL MAGNIN ST,MARKET ST,0.0,Clear,Injury (Other Visible),Vehicle/Pedestrian,Pedestrian,Crossing in Crosswalk at Intersection,Dry,No Unusual Condition,Daylight,Intersection <= 20ft,0.0,1,1.0,Driver,North,Proceeding Straight,Pedestrian,East,Proceeding Straight,POINT (-122.408066 37.783993),19.0,5.0,10.0,34.0,13
7522,vw_geo_sfpd_cr_switrs_all_types_col_cty_union.fid-c18a0c2_186644fdb18_-1ff8,34806,26580000.0,,180307138,37.7967832612,-122.43037057,SFPD-INTERIM DB,CITY STREET,04/25/2018 05:30:00 PM,2018 April 25,17:30:00,2018,April,Wednesday,GREEN ST,LAGUNA ST,0.0,Clear,Injury (Complaint of Pain),Vehicle/Pedestrian,Pedestrian,Crossing in Crosswalk at Intersection,Dry,No Unusual Condition,Daylight,Intersection <= 20ft,0.0,1,1.0,Driver,East,Proceeding Straight,Pedestrian,North,Proceeding Straight,POINT (-122.430374 37.796783),15.0,4.0,6.0,13.0,17
7529,vw_geo_sfpd_cr_switrs_all_types_col_cty_union.fid-c18a0c2_186644fdb18_-25df,30929,26621000.0,,180417862,37.7833084876,-122.439480381,SFPD-INTERIM DB,CITY STREET,06/03/2018 03:32:00 PM,2018 June 03,15:32:00,2018,June,Sunday,DIVISADERO ST,GEARY BLVD,0.0,Clear,Injury (Severe),Vehicle/Pedestrian,Pedestrian,Crossing Not in Crosswalk,Dry,No Unusual Condition,Daylight,Intersection <= 20ft,0.0,1,1.0,Pedestrian,South,Other,Driver,West,Proceeding Straight,POINT (-122.43948 37.78331),103.0,4.0,11.0,15.0,15
7533,vw_geo_sfpd_cr_switrs_all_types_col_cty_union.fid-c18a0c2_186644fdb18_-3335,31881,25221000.0,3549000.0,130130672,37.7904943209485,-122.421347933986,SFPD-CROSSROADS,CITY STREET,02/14/2013 01:46:00 PM,2013 February 14,13:46:00,2013,February,Thursday,CALIFORNIA ST,POLK ST,193.0,Clear,Injury (Other Visible),Vehicle/Pedestrian,Pedestrian,Crossing Not in Crosswalk,Dry,No Unusual Condition,Daylight,Midblock > 20ft,0.0,1,1.0,Pedestrian,South,Not Stated,Driver,North,Making Left Turn,POINT (-122.42135 37.790493),105.0,4.0,3.0,21.0,13
7534,vw_geo_sfpd_cr_switrs_all_types_col_cty_union.fid-c18a0c2_186644fdb18_-2190,34249,25410000.0,,170937256,37.8060277175274,-122.410310841301,SFPD-CROSSROADS,CITY STREET,11/17/2017 05:04:00 PM,2017 November 17,17:04:00,2017,November,Friday,STOCKTON ST,BAY ST,0.0,Clear,Injury (Complaint of Pain),Vehicle/Pedestrian,Pedestrian,Crossing in Crosswalk at Intersection,Dry,No Unusual Condition,Dusk - Dawn,Intersection <= 20ft,0.0,1,1.0,Driver,South,Making Right Turn,Pedestrian,East,Proceeding Straight,POINT (-122.41031 37.806026),99.0,6.0,3.0,23.0,17
7539,vw_geo_sfpd_cr_switrs_all_types_col_cty_union.fid-c18a0c2_186644fdb18_-2abd,10661,24144000.0,,180163930,37.7586325673,-122.419052607,SFPD-INTERIM DB,CITY STREET,03/03/2018 03:22:00 PM,2018 March 03,15:22:00,2018,March,Saturday,MISSION ST,20TH ST,0.0,Cloudy,Injury (Other Visible),Vehicle/Pedestrian,Pedestrian,"In Road, Including Shoulder",Wet,No Unusual Condition,Daylight,Intersection <= 20ft,0.0,1,1.0,Pedestrian,North,Proceeding Straight,Driver,East,Parking Maneuver,POINT (-122.41905 37.758633),53.0,3.0,2.0,20.0,15
7579,vw_geo_sfpd_cr_switrs_all_types_col_cty_union.fid-c18a0c2_186644fdb18_-36dd,9025,24128000.0,,170055739,37.7587642286664,-122.41687248109,SFPD-CROSSROADS,CITY STREET,01/21/2017 12:15:00 AM,2017 January 21,00:15:00,2017,January,Saturday,VAN NESS AVE,20TH ST,0.0,Raining,Injury (Complaint of Pain),Vehicle/Pedestrian,Pedestrian,Crossing in Crosswalk at Intersection,Wet,No Unusual Condition,Dark - Street Lights,Intersection <= 20ft,0.0,1,1.0,Pedestrian,East,Proceeding Straight,Driver,South,Proceeding Straight,POINT (-122.41687 37.758762),53.0,3.0,2.0,20.0,00
7580,vw_geo_sfpd_cr_switrs_all_types_col_cty_union.fid-c18a0c2_186644fdb18_-2655,30480,26502000.0,6332000.0,130270290,37.7871138071582,-122.425043596531,SFPD-CROSSROADS,CITY STREET,04/02/2013 04:06:00 PM,2013 April 02,16:06:00,2013,April,Tuesday,GOUGH ST,SUTTER ST,6.0,Clear,Injury (Other Visible),Vehicle/Pedestrian,Pedestrian,Crossing in Crosswalk at Intersection,Dry,No Unusual Condition,Daylight,Intersection <= 20ft,0.0,1,1.0,Driver,West,Making Left Turn,Pedestrian,East,Proceeding Straight,POINT (-122.42504 37.787113),100.0,4.0,6.0,39.0,16
7584,vw_geo_sfpd_cr_switrs_all_types_col_cty_union.fid-c18a0c2_186644fdb18_-2162,23829,35048000.0,9096003.0,180746520,37.7829192557,-122.40624181,SFPD-INTERIM DB,CITY STREET,10/02/2018 04:08:00 PM,2018 October 02,16:08:00,2018,October,Tuesday,MISSION ST,05TH ST,97.0,Clear,Injury (Other Visible),Vehicle/Pedestrian,Pedestrian,"In Road, Including Shoulder",Dry,No Unusual Condition,Daylight,Midblock > 20ft,0.0,1,1.0,Pedestrian,West,Proceeding Straight,Driver,West,Backing,POINT (-122.40624 37.78292),32.0,1.0,10.0,34.0,16
7592,vw_geo_sfpd_cr_switrs_all_types_col_cty_union.fid-c18a0c2_186644fdb18_-2803,33161,24571000.0,,180338757,37.7963468599,-122.396957839,SFPD-INTERIM DB,CITY STREET,05/07/2018 10:35:00 AM,2018 May 07,10:35:00,2018,May,Monday,WASHINGTON ST,DRUMM ST,0.0,Clear,Injury (Severe),Vehicle/Pedestrian,Pedestrian,Crossing in Crosswalk at Intersection,Dry,No Unusual Condition,Daylight,Intersection <= 20ft,0.0,1,1.0,Driver,East,Making Left Turn,Pedestrian,South,Other,POINT (-122.39696 37.79635),77.0,6.0,3.0,8.0,10
7603,vw_geo_sfpd_cr_switrs_all_types_col_cty_union.fid-c18a0c2_186644fdb18_-2823,35262,26684000.0,,180327108,37.7976025553,-122.438967943,SFPD-INTERIM DB,CITY STREET,05/02/2018 09:00:00 PM,2018 May 02,21:00:00,2018,May,Wednesday,PIERCE ST,FILBERT ST,0.0,Clear,Injury (Complaint of Pain),Vehicle/Pedestrian,Pedestrian,Crossing in Crosswalk at Intersection,Dry,No Unusual Condition,Dusk - Dawn,Intersection <= 20ft,0.0,1,1.0,Driver,West,Making Left Turn,Pedestrian,North,Proceeding Straight,POINT (-122.438965 37.797604),14.0,4.0,6.0,13.0,21
7606,vw_geo_sfpd_cr_switrs_all_types_col_cty_union.fid-c18a0c2_186644fdb18_-23a5,29987,25170000.0,,180627475,37.7861010397,-122.418088098,SFPD-INTERIM DB,CITY STREET,08/20/2018 09:23:00 PM,2018 August 20,21:23:00,2018,August,Monday,GEARY ST,LARKIN ST,0.0,Clear,Injury (Other Visible),Broadside,Pedestrian,"In Road, Including Shoulder",Dry,No Unusual Condition,Dark - Street Lights,Intersection <= 20ft,0.0,1,1.0,Pedestrian,South,Proceeding Straight,Driver,West,Proceeding Straight,POINT (-122.41809 37.786102),20.0,6.0,10.0,36.0,21
7607,vw_geo_sfpd_cr_switrs_all_types_col_cty_union.fid-c18a0c2_186644fdb18_-259f,31170,26836000.000000004,6046201.0,160931252,37.782426582062,-122.447035919131,SFPD-CROSSROADS,CITY STREET,11/15/2016 04:48:00 PM,2016 November 15,16:48:00,2016,November,Tuesday,GEARY BLVD,MASONIC AVE,84.0,Cloudy,Injury (Other Visible),Vehicle/Pedestrian,Pedestrian,Crossing Not in Crosswalk,Dry,No Unusual Condition,Dusk - Dawn,Midblock > 20ft,0.0,1,1.0,Pedestrian,North,Entering Traffic,Driver,East,Backing,POINT (-122.44704 37.782425),13.0,8.0,6.0,18.0,16
7608,vw_geo_sfpd_cr_switrs_all_types_col_cty_union.fid-c18a0c2_186644fdb18_-2f48,33017,26671000.0,,170865685,37.7940575800764,-122.436567203769,SFPD-CROSSROADS,CITY STREET,10/23/2017 10:09:00 AM,2017 October 23,10:09:00,2017,October,Monday,BROADWAY,STEINER ST,0.0,Clear,Injury (Other Visible),Vehicle/Pedestrian,Pedestrian,Crossing in Crosswalk at Intersection,Dry,No Unusual Condition,Daylight,Intersection <= 20ft,0.0,1,1.0,Driver,East,Making Left Turn,Pedestrian,North,Not Stated,POINT (-122.43657 37.794056),102.0,4.0,6.0,30.0,10
7616,vw_geo_sfpd_cr_switrs_all_types_col_cty_union.fid-c18a0c2_186644fdb18_-2f57,32998,26953000.0,,130122964,37.7908230237958,-122.447501498306,SFPD-CROSSROADS,CITY STREET,02/12/2013 06:21:00 AM,2013 February 12,06:21:00,2013,February,Tuesday,JACKSON ST,PRESIDIO AVE,0.0,Clear,Injury (Complaint of Pain),Vehicle/Pedestrian,Pedestrian,Crossing in Crosswalk at Intersection,Dry,No Unusual Condition,Dark - Street Lights,Intersection <= 20ft,0.0,1,1.0,Driver,East,Making Left Turn,Pedestrian,West,Other,POINT (-122.4475 37.790825),10.0,8.0,6.0,31.0,06
7618,vw_geo_sfpd_cr_switrs_all_types_col_cty_union.fid-c18a0c2_186644fdb18_-23de,8597,23976000.0,,180609304,37.7526848882,-122.410962662,SFPD-INTERIM DB,CITY STREET,08/14/2018 11:02:00 AM,2018 August 14,11:02:00,2018,August,Tuesday,24TH ST,ALABAMA ST,0.0,Cloudy,Injury (Complaint of Pain),Vehicle/Pedestrian,Pedestrian,"In Road, Including Shoulder",Dry,No Unusual Condition,Daylight,Intersection <= 20ft,0.0,1,1.0,Driver,East,Backing,Pedestrian,West,Other,POINT (-122.410965 37.752686),53.0,3.0,2.0,20.0,11
7625,vw_geo_sfpd_cr_switrs_all_types_col_cty_union.fid-c18a0c2_186644fdb18_-2bcd,15085,23875000.0,,180098951,37.7742810406,-122.404748493,SFPD-INTERIM DB,CITY STREET,02/05/2018 02:45:00 PM,2018 February 05,14:45:00,2018,February,Monday,07TH ST,BRYANT ST,0.0,Clear,Injury (Complaint of Pain),Vehicle/Pedestrian,Pedestrian,Crossing in Crosswalk at Intersection,Dry,No Unusual Condition,Daylight,Intersection <= 20ft,0.0,1,1.0,Driver,North,Making Left Turn,Pedestrian,East,Proceeding Straight,POINT (-122.40475 37.77428),32.0,1.0,10.0,34.0,14
7636,vw_geo_sfpd_cr_switrs_all_types_col_cty_union.fid-c18a0c2_186644fdb18_-3121,32486,25261000.0,7129000.0,170484229,37.7935763481013,-122.417914195902,SFPD-CROSSROADS,CITY STREET,06/14/2017 08:21:00 AM,2017 June 14,08:21:00,2017,June,Wednesday,HYDE ST,WASHINGTON ST,40.0,Clear,Injury (Complaint of Pain),Vehicle/Pedestrian,Pedestrian,Crossing in Crosswalk at Intersection,Dry,No Unusual Condition,Daylight,Midblock > 20ft,0.0,1,1.0,Driver,North,Making Left Turn,Pedestrian,West,Proceeding Straight,POINT (-122.417915 37.793575),16.0,6.0,3.0,32.0,08
7637,vw_geo_sfpd_cr_switrs_all_types_col_cty_union.fid-c18a0c2_186644fdb18_-26b8,13423,24190000.0,,180425207,37.7692440102,-122.408007204,SFPD-INTERIM DB,CITY STREET,06/08/2018 07:57:00 AM,2018 June 08,07:57:00,2018,June,Friday,DIVISION ST,POTRERO AVE,0.0,Clear,Injury (Severe),Vehicle/Pedestrian,Pedestrian,Crossing in Crosswalk at Intersection,Dry,No Unusual Condition,Daylight,Intersection <= 20ft,0.0,1,1.0,Driver,East,Making Right Turn,Pedestrian,North,Proceeding Straight,POINT (-122.408005 37.769245),33.0,3.0,10.0,20.0,07
7643,vw_geo_sfpd_cr_switrs_all_types_col_cty_union.fid-c18a0c2_186644fdb18_-2eae,12300,24375000.0,653000.0,170940312,37.7665847242974,-122.42129653294,SFPD-CROSSROADS,CITY STREET,11/18/2017 08:41:00 PM,2017 November 18,20:41:00,2017,November,Saturday,15TH ST,CALEDONIA ST,68.0,Clear,Injury (Severe),Head-On,Pedestrian,Not in Road,Dry,No Unusual Condition,Dark - Street Lights,Midblock > 20ft,0.0,3,1.0,Driver,West,Ran Off Road,Pedestrian,East,Other,POINT (-122.421295 37.766586),53.0,3.0,2.0,20.0,20
7651,vw_geo_sfpd_cr_switrs_all_types_col_cty_union.fid-c18a0c2_186644fdb18_-2a04,25090,24936000.0,,180203887,37.7848662452,-122.412782128,SFPD-INTERIM DB,CITY STREET,03/18/2018 01:24:00 AM,2018 March 18,01:24:00,2018,March,Sunday,ELLIS ST,JONES ST,0.0,Clear,Injury (Complaint of Pain),Vehicle/Pedestrian,Pedestrian,Crossing Not in Crosswalk,Dry,No Unusual Condition,Dark - Street Lights,Intersection <= 20ft,0.0,1,1.0,Pedestrian,South,Proceeding Straight,Driver,East,Proceeding Straight,POINT (-122.41278 37.784866),20.0,5.0,10.0,36.0,01
7656,vw_geo_sfpd_cr_switrs_all_types_col_cty_union.fid-c18a0c2_186644fdb18_-36ae,16671,24327000.0,12173000.0,170078242,37.7782308843034,-122.414156081202,SFPD-CROSSROADS,CITY STREET,01/28/2017 06:26:00 PM,2017 January 28,18:26:00,2017,January,Saturday,STEVENSON ST,08TH ST,5.0,Clear,Injury (Complaint of Pain),Vehicle/Pedestrian,Pedestrian,Crossing in Crosswalk at Intersection,Dry,No Unusual Condition,Dark - Street Lights,Intersection <= 20ft,0.0,1,1.0,Driver,East,Backing,Pedestrian,North,Proceeding Straight,POINT (-122.414154 37.778233),32.0,5.0,10.0,34.0,18
7657,vw_geo_sfpd_cr_switrs_all_types_col_cty_union.fid-c18a0c2_186644fdb18_-29ba,39006,23232000.0,,180220063,37.740995289,-122.479847738,SFPD-INTERIM DB,CITY STREET,03/24/2018 12:44:00 PM,2018 March 24,12:44:00,2018,March,Saturday,23RD AVE,ULLOA ST,0.0,Clear,Injury (Other Visible),Broadside,Pedestrian,"In Road, Including Shoulder",Dry,No Unusual Condition,Daylight,Intersection <= 20ft,0.0,1,1.0,Pedestrian,South,Making Left Turn,Driver,East,Proceeding Straight,POINT (-122.47985 37.740993),40.0,10.0,7.0,35.0,12
7669,vw_geo_sfpd_cr_switrs_all_types_col_cty_union.fid-c18a0c2_186644fdb18_-2492,16316,23937000.0,,180547550,37.7802649727,-122.403387209,SFPD-INTERIM DB,CITY STREET,07/23/2018 01:50:00 PM,2018 July 23,13:50:00,2018,July,Monday,FOLSOM ST,05TH ST,0.0,Clear,Injury (Complaint of Pain),Vehicle/Pedestrian,Pedestrian,Crossing in Crosswalk at Intersection,Dry,No Unusual Condition,Daylight,Intersection <= 20ft,0.0,1,1.0,Driver,South,Making Right Turn,Pedestrian,East,Proceeding Straight,POINT (-122.40339 37.780266),32.0,1.0,10.0,34.0,13
7670,vw_geo_sfpd_cr_switrs_all_types_col_cty_union.fid-c18a0c2_186644fdb18_-343f,24512,24934000.0,12719000.0,170354616,37.7827932164359,-122.414063394495,SFPD-CROSSROADS,CITY STREET,04/30/2017 07:00:00 PM,2017 April 30,19:00:00,2017,April,Sunday,TURK ST,LEAVENWORTH ST,3.0,Clear,Injury (Other Visible),Vehicle/Pedestrian,Pedestrian,Crossing in Crosswalk at Intersection,Dry,No Unusual Condition,Dusk - Dawn,Intersection <= 20ft,0.0,1,1.0,Driver,West,Making Left Turn,Pedestrian,South,Proceeding Straight,POINT (-122.41406 37.782795),20.0,5.0,10.0,36.0,19
7675,vw_geo_sfpd_cr_switrs_all_types_col_cty_union.fid-c18a0c2_186644fdb18_-2a13,30748,26521000.0,,180199377,37.7878624426,-122.426864643,SFPD-INTERIM DB,CITY STREET,03/16/2018 10:08:00 AM,2018 March 16,10:08:00,2018,March,Friday,OCTAVIA ST,BUSH ST,0.0,Clear,Injury (Complaint of Pain),Vehicle/Pedestrian,Pedestrian,Crossing in Crosswalk at Intersection,Wet,No Unusual Condition,Daylight,Intersection <= 20ft,0.0,1,,Driver,West,Making Right Turn,Pedestrian,West,Proceeding Straight,POINT (-122.426865 37.78786),101.0,4.0,11.0,30.0,10
7683,vw_geo_sfpd_cr_switrs_all_types_col_cty_union.fid-c18a0c2_186644fdb18_-24b2,12335,24377000.0,,180532363,37.7665395762,-122.422043812,SFPD-INTERIM DB,CITY STREET,07/17/2018 10:19:00 PM,2018 July 17,22:19:00,2018,July,Tuesday,VALENCIA ST,15TH ST,0.0,Clear,Injury (Complaint of Pain),Vehicle/Pedestrian,Pedestrian,Crossing in Crosswalk at Intersection,Dry,No Unusual Condition,Dark - Street Lights,Intersection <= 20ft,0.0,1,1.0,Driver,West,Making Left Turn,Pedestrian,East,Proceeding Straight,POINT (-122.42204 37.76654),53.0,3.0,2.0,20.0,22
7685,vw_geo_sfpd_cr_switrs_all_types_col_cty_union.fid-c18a0c2_186644fdb18_-3693,4606,20999000.0,3617000.0,170093466,37.7314184027766,-122.420405311048,SFPD-CROSSROADS,CITY STREET,02/02/2017 04:26:00 PM,2017 February 02,16:26:00,2017,February,Thursday,CAMBRIDGE ST,GLADSTONE DR,66.0,Cloudy,Injury (Severe),Vehicle/Pedestrian,Pedestrian,Crossing Not in Crosswalk,Wet,No Unusual Condition,Daylight,Midblock > 20ft,0.0,1,1.0,Pedestrian,South,Not Stated,Driver,West,Proceeding Straight,POINT (-122.4204 37.73142),94.0,9.0,2.0,25.0,16
7686,vw_geo_sfpd_cr_switrs_all_types_col_cty_union.fid-c18a0c2_186644fdb18_-250d,31691,26847000.000000004,,150532133,37.7883637516022,-122.44558863652,SFPD-CROSSROADS,CITY STREET,06/18/2015 02:30:00 PM,2015 June 18,14:30:00,2015,June,Thursday,SACRAMENTO ST,LYON ST,0.0,Clear,Injury (Other Visible),Broadside,Pedestrian,Crossing in Crosswalk at Intersection,Dry,No Unusual Condition,Daylight,Intersection <= 20ft,0.0,1,1.0,Driver,West,Proceeding Straight,Pedestrian,North,Proceeding Straight,POINT (-122.44559 37.788364),10.0,8.0,6.0,31.0,14
7701,vw_geo_sfpd_cr_switrs_all_types_col_cty_union.fid-c18a0c2_186644fdb18_-33d8,1282,21426000.0,,170397616,37.7142094837665,-122.436176465367,SFPD-CROSSROADS,CITY STREET,05/15/2017 09:18:00 AM,2017 May 15,09:18:00,2017,May,Monday,GENEVA AVE,NAPLES ST,0.0,Clear,Injury (Other Visible),Vehicle/Pedestrian,Pedestrian,Crossing in Crosswalk at Intersection,Dry,No Unusual Condition,Daylight,Intersection <= 20ft,0.0,2,1.0,Driver,East,Making Right Turn,Pedestrian,North,Proceeding Straight,POINT (-122.43618 37.71421),58.0,9.0,1.0,7.0,09
7704,vw_geo_sfpd_cr_switrs_all_types_col_cty_union.fid-c18a0c2_186644fdb18_-275b,24662,30739000.0,8748101.0,180387102,37.783908664,-122.408091663,SFPD-INTERIM DB,CITY STREET,05/24/2018 02:58:00 PM,2018 May 24,14:58:00,2018,May,Thursday,MARKET ST,05TH ST,31.0,Clear,Injury (Other Visible),Vehicle/Pedestrian,Pedestrian,Crossing in Crosswalk at Intersection,Dry,No Unusual Condition,Daylight,Midblock > 20ft,0.0,1,1.0,Pedestrian,South,Proceeding Straight,Driver,West,Proceeding Straight,POINT (-122.40809 37.78391),32.0,5.0,10.0,34.0,14
7707,vw_geo_sfpd_cr_switrs_all_types_col_cty_union.fid-c18a0c2_186644fdb18_-3625,23092,24513000.0,,170137503,37.7825535929632,-122.397385537837,SFPD-CROSSROADS,CITY STREET,02/17/2017 02:25:00 PM,2017 February 17,14:25:00,2017,February,Friday,HARRISON ST,03RD ST,0.0,Clear,Injury (Other Visible),Vehicle/Pedestrian,Pedestrian,Crossing in Crosswalk at Intersection,Snowy or Icy,No Unusual Condition,Daylight,Intersection <= 20ft,0.0,1,1.0,Driver,West,Making Left Turn,Pedestrian,North,Proceeding Straight,POINT (-122.397385 37.782555),32.0,1.0,10.0,8.0,14
7715,vw_geo_sfpd_cr_switrs_all_types_col_cty_union.fid-c18a0c2_186644fdb18_-22c2,5678,20758000.0,9794000.0,180684306,37.7400247914,-122.399902189,SFPD-INTERIM DB,CITY STREET,09/10/2018 07:34:00 AM,2018 September 10,07:34:00,2018,September,Monday,OAKDALE AVE,I-280 SOUTHBOUND,69.0,Clear,Injury (Complaint of Pain),Broadside,Pedestrian,Crossing Not in Crosswalk,Dry,No Unusual Condition,Daylight,Midblock > 20ft,0.0,1,1.0,Pedestrian,South,Proceeding Straight,Driver,West,Proceeding Straight,POINT (-122.3999 37.740025),82.0,2.0,9.0,1.0,07
7721,vw_geo_sfpd_cr_switrs_all_types_col_cty_union.fid-c18a0c2_186644fdb18_-2d86,28099,24729000.0,9300000.0,150663227,37.7925800126228,-122.402711108573,SFPD-CROSSROADS,CITY STREET,07/30/2015 03:33:00 PM,2015 July 30,15:33:00,2015,July,Thursday,MONTGOMERY ST,CALIFORNIA ST,100.0,Clear,Injury (Severe),Vehicle/Pedestrian,Pedestrian,Crossing Not in Crosswalk,Dry,No Unusual Condition,Daylight,Midblock > 20ft,0.0,1,1.0,Pedestrian,East,Other,Driver,South,Proceeding Straight,POINT (-122.40271 37.79258),108.0,6.0,3.0,8.0,15
7753,vw_geo_sfpd_cr_switrs_all_types_col_cty_union.fid-c18a0c2_186644fdb18_-2876,23264,24514000.0,6809000.0,180117410,37.7848158533,-122.398000266,SFPD-INTERIM DB,CITY STREET,02/13/2018 10:15:00 AM,2018 February 13,10:15:00,2018,February,Tuesday,HAWTHORNE ST,FOLSOM ST,77.0,Clear,Injury (Complaint of Pain),Vehicle/Pedestrian,Pedestrian,"In Road, Including Shoulder",Dry,"Holes, Deep Ruts",Daylight,Midblock > 20ft,0.0,1,,Parked Vehicle,South,Stopped In Road,Pedestrian,South,Not Stated,POINT (-122.398 37.784817),32.0,1.0,10.0,8.0,10
7767,vw_geo_sfpd_cr_switrs_all_types_col_cty_union.fid-c18a0c2_186644fdb18_-36ee,11285,25677000.0,,170049908,37.7615656734452,-122.423800671243,SFPD-CROSSROADS,CITY STREET,01/18/2017 06:00:00 PM,2017 January 18,18:00:00,2017,January,Wednesday,18TH ST,GUERRERO ST,0.0,Clear,Injury (Other Visible),Vehicle/Pedestrian,Pedestrian,Crossing in Crosswalk at Intersection,Dry,No Unusual Condition,Dark - Street Lights,Intersection <= 20ft,0.0,1,,Driver,South,Making Left Turn,Pedestrian,West,Proceeding Straight,POINT (-122.4238 37.761566),37.0,3.0,5.0,20.0,18
7769,vw_geo_sfpd_cr_switrs_all_types_col_cty_union.fid-c18a0c2_186644fdb18_-27ef,28882,25148000.0,,180284417,37.7833108897,-122.417528773,SFPD-INTERIM DB,CITY STREET,04/17/2018 03:00:00 PM,2018 April 17,15:00:00,2018,April,Tuesday,LARKIN ST,EDDY ST,0.0,Clear,Injury (Complaint of Pain),Vehicle/Pedestrian,Pedestrian,Crossing in Crosswalk at Intersection,Dry,No Unusual Condition,Daylight,Intersection <= 20ft,0.0,1,1.0,Driver,North,Making Left Turn,Pedestrian,South,Proceeding Straight,POINT (-122.41753 37.78331),20.0,5.0,10.0,36.0,15
7785,vw_geo_sfpd_cr_switrs_all_types_col_cty_union.fid-c18a0c2_186644fdb18_-2b85,3556,20770000.0,11373000.0,180117777,37.7322881228,-122.4055422,SFPD-INTERIM DB,CITY STREET,02/13/2018 01:10:00 PM,2018 February 13,13:10:00,2018,February,Tuesday,SAN BRUNO AVE,SILVER AVE,58.0,Clear,Injury (Other Visible),Vehicle/Pedestrian,Pedestrian,Crossing Not in Crosswalk,Dry,No Unusual Condition,Daylight,Midblock > 20ft,0.0,1,1.0,Pedestrian,West,Proceeding Straight,Driver,North,Proceeding Straight,POINT (-122.40554 37.73229),91.0,2.0,2.0,25.0,13
7796,vw_geo_sfpd_cr_switrs_all_types_col_cty_union.fid-c18a0c2_186644fdb18_-2b0c,32866,26657000.0,10155000.0,180145267,37.7933446019,-122.434754663,SFPD-INTERIM DB,CITY STREET,02/23/2018 04:54:00 PM,2018 February 23,16:54:00,2018,February,Friday,PACIFIC AVE,FILLMORE ST,6.0,Clear,Injury (Complaint of Pain),Vehicle/Pedestrian,Pedestrian,Crossing in Crosswalk at Intersection,Dry,No Unusual Condition,Daylight,Intersection <= 20ft,0.0,1,1.0,Driver,West,Making Left Turn,Pedestrian,North,Proceeding Straight,POINT (-122.43475 37.793346),102.0,4.0,6.0,30.0,16
7797,vw_geo_sfpd_cr_switrs_all_types_col_cty_union.fid-c18a0c2_186644fdb18_-227e,33377,25321000.0,4291000.0,170384102,37.7977825321838,-122.406549429567,SFPD-CROSSROADS,CITY STREET,05/10/2017 04:30:00 PM,2017 May 10,16:30:00,2017,May,Wednesday,COLUMBUS AVE,BROADWAY,45.0,Clear,Injury (Complaint of Pain),Vehicle/Pedestrian,Pedestrian,Crossing Not in Crosswalk,Dry,No Unusual Condition,Daylight,Midblock > 20ft,0.0,1,,Pedestrian,West,Proceeding Straight,Driver,North,Proceeding Straight,POINT (-122.40655 37.797783),106.0,6.0,3.0,6.0,16
7798,vw_geo_sfpd_cr_switrs_all_types_col_cty_union.fid-c18a0c2_186644fdb18_-28e6,7751,24090000.0,,180269130,37.7505404051,-122.419933664,SFPD-INTERIM DB,CITY STREET,04/11/2018 09:25:00 PM,2018 April 11,21:25:00,2018,April,Wednesday,25TH ST,ORANGE ALY,0.0,Clear,Injury (Other Visible),Vehicle/Pedestrian,Pedestrian,Crossing in Crosswalk at Intersection,Dry,No Unusual Condition,Dark - Street Lights,Intersection <= 20ft,0.0,1,1.0,Driver,East,Backing,Pedestrian,North,Proceeding Straight,POINT (-122.41994 37.75054),53.0,3.0,2.0,20.0,21
7799,vw_geo_sfpd_cr_switrs_all_types_col_cty_union.fid-c18a0c2_186644fdb18_-2e98,26503,24959000.0,,170948394,37.7885982037725,-122.413541442676,SFPD-CROSSROADS,CITY STREET,11/21/2017 08:19:00 PM,2017 November 21,20:19:00,2017,November,Tuesday,JONES ST,SUTTER ST,0.0,Clear,Injury (Other Visible),Vehicle/Pedestrian,Pedestrian,Crossing in Crosswalk at Intersection,Dry,No Unusual Condition,Dark - Street Lights,Intersection <= 20ft,0.0,1,1.0,Driver,South,Making Left Turn,Pedestrian,West,Proceeding Straight,POINT (-122.41354 37.788597),50.0,6.0,3.0,21.0,20