,id,unique_id,cnn_intrsctn_fkey,cnn_sgmt_fkey,case_id_pkey,tb_latitude,tb_longitude,geocode_source,geocode_location,collision_datetime,collision_date,collision_time,accident_year,month,day_of_week,primary_rd,secondary_rd,distance,weather_1,collision_severity,type_of_collision,mviw,ped_action,road_surface,road_cond_1,lighting,intersection,number_killed,number_injured,party_at_fault,party1_type,party1_dir_of_travel,party1_move_pre_acc,party2_type,party2_dir_of_travel,party2_move_pre_acc,point,Neighborhoods,Current Police Districts,Current Supervisor Districts,Analysis Neighborhoods,hour
10377,vw_geo_sfpd_cr_switrs_all_types_col_cty_union.fid-c18a0c2_186644fdb18_-3505,32438,26646000.0,,170268788,37.7909199785568,-122.432561650053,SFPD-CROSSROADS,CITY STREET,04/02/2017 06:51:00 AM,2017 April 02,06:51:00,2017,April,Sunday,WEBSTER ST,CLAY ST,0.0,Clear,Injury (Complaint of Pain),Vehicle/Pedestrian,Pedestrian,Crossing in Crosswalk at Intersection,Dry,No Unusual Condition,Daylight,Intersection <= 20ft,0.0,1,1.0,Driver,North,Proceeding Straight,Pedestrian,East,Proceeding Straight,POINT (-122.43256 37.79092),102.0,4.0,6.0,30.0,06
10390,vw_geo_sfpd_cr_switrs_all_types_col_cty_union.fid-c18a0c2_186644fdb18_-341d,24511,24934000.0,12719000.0,170370452,37.7827923447532,-122.414070221468,SFPD-CROSSROADS,CITY STREET,05/05/2017 09:49:00 PM,2017 May 05,21:49:00,2017,May,Friday,TURK ST,LEAVENWORTH ST,5.0,Clear,Injury (Complaint of Pain),Vehicle/Pedestrian,Pedestrian,Crossing in Crosswalk at Intersection,Dry,No Unusual Condition,Dark - Street Lights,Intersection <= 20ft,0.0,1,1.0,Driver,West,Making Left Turn,Pedestrian,South,Proceeding Straight,POINT (-122.41407 37.78279),20.0,5.0,10.0,36.0,21
10397,vw_geo_sfpd_cr_switrs_all_types_col_cty_union.fid-c18a0c2_186644fdb18_-2173,12376,25838000.0,658000.0,130921998,37.7663371472899,-122.425393365803,SFPD-CROSSROADS,CITY STREET,10/30/2013 04:03:00 PM,2013 October 30,16:03:00,2013,October,Wednesday,15TH ST,RAMONA AVE,56.0,Clear,Injury (Other Visible),Vehicle/Pedestrian,Pedestrian,Crossing Not in Crosswalk,Dry,No Unusual Condition,Daylight,Midblock > 20ft,0.0,2,1.0,Pedestrian,North,Entering Traffic,Bicyclist,East,Proceeding Straight,POINT (-122.42539 37.76634),37.0,3.0,5.0,20.0,16
10398,vw_geo_sfpd_cr_switrs_all_types_col_cty_union.fid-c18a0c2_186644fdb18_-266c,34517,25485000.0,,160144251,37.8074825126548,-122.413975007362,SFPD-CROSSROADS,CITY STREET,02/18/2016 09:00:00 AM,2016 February 18,09:00:00,2016,February,Thursday,BEACH ST,MASON ST,0.0,Cloudy,Injury (Complaint of Pain),Head-On,Pedestrian,Crossing in Crosswalk at Intersection,Wet,No Unusual Condition,Daylight,Intersection <= 20ft,0.0,1,1.0,Driver,East,Making Left Turn,Pedestrian,North,Proceeding Straight,POINT (-122.41398 37.807484),99.0,6.0,3.0,23.0,09
10399,vw_geo_sfpd_cr_switrs_all_types_col_cty_union.fid-c18a0c2_186644fdb18_-3116,32493,25304000.000000004,,130594012,37.7941439798762,-122.421404355934,SFPD-CROSSROADS,CITY STREET,07/19/2013 12:09:00 PM,2013 July 19,12:09:00,2013,July,Friday,POLK ST,JACKSON ST,0.0,Clear,Injury (Other Visible),Vehicle/Pedestrian,Pedestrian,Crossing in Crosswalk at Intersection,Dry,No Unusual Condition,Daylight,Intersection <= 20ft,0.0,1,1.0,Driver,West,Making Left Turn,Pedestrian,East,Proceeding Straight,POINT (-122.4214 37.794144),105.0,4.0,3.0,32.0,12
10404,vw_geo_sfpd_cr_switrs_all_types_col_cty_union.fid-c18a0c2_186644fdb18_-35ba,4069,21768000.0,9161000.0,170188675,37.7262218706002,-122.433634459871,SFPD-CROSSROADS,CITY STREET,03/07/2017 08:39:00 AM,2017 March 07,08:39:00,2017,March,Tuesday,MISSION ST,EXCELSIOR AVE,6.0,Clear,Injury (Other Visible),Vehicle/Pedestrian,Pedestrian,Crossing in Crosswalk at Intersection,Dry,No Unusual Condition,Daylight,Intersection <= 20ft,0.0,1,1.0,Pedestrian,West,Not Stated,Driver,South,Proceeding Straight,POINT (-122.43363 37.726223),90.0,9.0,1.0,7.0,08
10406,vw_geo_sfpd_cr_switrs_all_types_col_cty_union.fid-c18a0c2_186644fdb18_-2301,197,20308000.0,13320000.0,180669518,37.710421033,-122.404268493,SFPD-INTERIM DB,CITY STREET,09/04/2018 04:57:00 PM,2018 September 04,16:57:00,2018,September,Tuesday,VISITACION AVE,BAY SHORE BLVD,13.0,Clear,Injury (Complaint of Pain),Broadside,Pedestrian,Crossing in Crosswalk at Intersection,Dry,No Unusual Condition,Daylight,Intersection <= 20ft,0.0,1,1.0,Driver,West,Making Right Turn,Pedestrian,South,Proceeding Straight,POINT (-122.40427 37.710423),75.0,9.0,9.0,40.0,16
10408,vw_geo_sfpd_cr_switrs_all_types_col_cty_union.fid-c18a0c2_186644fdb18_-28a3,11923,24175000.0,,160159335,37.7649962696372,-122.420580608005,SFPD-CROSSROADS,CITY STREET,02/28/2016 12:54:00 PM,2016 February 28,12:54:00,2016,February,Sunday,HOFF ST,16TH ST,0.0,Clear,Injury (Complaint of Pain),Vehicle/Pedestrian,Pedestrian,Crossing in Crosswalk at Intersection,Dry,No Unusual Condition,Daylight,Intersection <= 20ft,0.0,1,1.0,Driver,North,Stopped In Road,Pedestrian,East,Proceeding Straight,POINT (-122.42058 37.764996),53.0,3.0,2.0,20.0,12
10411,vw_geo_sfpd_cr_switrs_all_types_col_cty_union.fid-c18a0c2_186644fdb18_-2f71,31262,26928000.0,6050101.0,170871905,37.7817080756797,-122.453153200556,SFPD-CROSSROADS,CITY STREET,10/25/2017 10:46:00 AM,2017 October 25,10:46:00,2017,October,Wednesday,GEARY BLVD,SPRUCE ST,8.0,Clear,Injury (Other Visible),Vehicle/Pedestrian,Pedestrian,Crossing in Crosswalk at Intersection,Dry,No Unusual Condition,Daylight,Intersection <= 20ft,0.0,1,,Driver,East,Making Left Turn,Pedestrian,North,Proceeding Straight,POINT (-122.453156 37.781708),12.0,8.0,4.0,18.0,10
10415,vw_geo_sfpd_cr_switrs_all_types_col_cty_union.fid-c18a0c2_186644fdb18_-2927,26332,24952000.0,,180250593,37.7878721686,-122.411699232,SFPD-INTERIM DB,CITY STREET,04/04/2018 08:39:00 PM,2018 April 04,20:39:00,2018,April,Wednesday,TAYLOR ST,POST ST,0.0,Clear,Injury (Complaint of Pain),Vehicle/Pedestrian,Pedestrian,Crossing in Crosswalk at Intersection,Dry,No Unusual Condition,Dark - Street Lights,Intersection <= 20ft,0.0,1,1.0,Driver,North,Making Left Turn,Pedestrian,West,Proceeding Straight,POINT (-122.4117 37.787872),50.0,6.0,3.0,21.0,20
10435,vw_geo_sfpd_cr_switrs_all_types_col_cty_union.fid-c18a0c2_186644fdb18_-3092,8753,23994000.0,1184000.0,160279353,37.7558521344082,-122.411868113731,SFPD-CROSSROADS,CITY STREET,04/05/2016 07:43:00 AM,2016 April 05,07:43:00,2016,April,Tuesday,22ND ST,HARRISON ST,96.0,Clear,Injury (Other Visible),Vehicle/Pedestrian,Pedestrian,Crossing Not in Crosswalk,Dry,No Unusual Condition,Daylight,Midblock > 20ft,0.0,1,1.0,Pedestrian,North,Entering Traffic,Driver,East,Proceeding Straight,POINT (-122.411865 37.75585),53.0,3.0,2.0,20.0,07
10438,vw_geo_sfpd_cr_switrs_all_types_col_cty_union.fid-c18a0c2_186644fdb18_-3399,37687,22790000.0,9844201.0,170426889,37.7300560904284,-122.46945539248,SFPD-CROSSROADS,CITY STREET,05/24/2017 12:10:00 PM,2017 May 24,12:10:00,2017,May,Wednesday,OCEAN AVE,SAN LEANDRO WAY,43.0,Clear,Injury (Complaint of Pain),Vehicle/Pedestrian,Pedestrian,Crossing Not in Crosswalk,Dry,No Unusual Condition,Daylight,Midblock > 20ft,0.0,1,1.0,Pedestrian,North,Proceeding Straight,Driver,East,Proceeding Straight,POINT (-122.46945 37.730057),63.0,10.0,8.0,41.0,12
10439,vw_geo_sfpd_cr_switrs_all_types_col_cty_union.fid-c18a0c2_186644fdb18_-2cc1,4860,21928000.0,,180034080,37.7340265159,-122.432837471,SFPD-INTERIM DB,CITY STREET,01/13/2018 11:14:00 AM,2018 January 13,11:14:00,2018,January,Saturday,WILDER ST,CARRIE ST,0.0,Clear,Injury (Complaint of Pain),Vehicle/Pedestrian,Pedestrian,Crossing Not in Crosswalk,Dry,No Unusual Condition,Daylight,Intersection <= 20ft,0.0,1,1.0,Pedestrian,North,Proceeding Straight,Driver,East,Making Left Turn,POINT (-122.43284 37.734028),96.0,9.0,5.0,10.0,11
10461,vw_geo_sfpd_cr_switrs_all_types_col_cty_union.fid-c18a0c2_186644fdb18_-2bea,28909,25176000.0,,180092492,37.7831013999,-122.419181704,SFPD-INTERIM DB,CITY STREET,02/03/2018 08:20:00 PM,2018 February 03,20:20:00,2018,February,Saturday,EDDY ST,POLK ST,0.0,Clear,Injury (Complaint of Pain),Broadside,Pedestrian,Crossing in Crosswalk at Intersection,Dry,No Unusual Condition,Dark - Street Lights,Intersection <= 20ft,0.0,1,,Driver,South,Making Right Turn,Pedestrian,East,Proceeding Straight,POINT (-122.41918 37.7831),20.0,4.0,10.0,36.0,20
10466,vw_geo_sfpd_cr_switrs_all_types_col_cty_union.fid-c18a0c2_186644fdb18_-22ce,35286,26747000.0,,180680536,37.7989518501,-122.43586632,SFPD-INTERIM DB,CITY STREET,09/08/2018 06:20:00 PM,2018 September 08,18:20:00,2018,September,Saturday,FILLMORE ST,GREENWICH ST,0.0,Clear,Injury (Complaint of Pain),Sideswipe,Pedestrian,Crossing in Crosswalk at Intersection,Dry,No Unusual Condition,Daylight,Intersection <= 20ft,0.0,1,1.0,Driver,West,Stopped In Road,Pedestrian,South,Stopped In Road,POINT (-122.43587 37.79895),15.0,4.0,6.0,13.0,18
10470,vw_geo_sfpd_cr_switrs_all_types_col_cty_union.fid-c18a0c2_186644fdb18_-1f5d,13298,23881000.0,,180894630,37.7700497723,-122.40700149,SFPD-INTERIM DB,CITY STREET,11/26/2018 05:36:00 PM,2018 November 26,17:36:00,2018,November,Monday,09TH ST,BRANNAN ST,0.0,Clear,Injury (Complaint of Pain),Vehicle/Pedestrian,Pedestrian,Crossing in Crosswalk at Intersection,Dry,No Unusual Condition,Dark - Street Lights,Intersection <= 20ft,0.0,1,1.0,Driver,North,Making Left Turn,Pedestrian,East,Other,POINT (-122.407 37.77005),33.0,1.0,10.0,34.0,17
10474,vw_geo_sfpd_cr_switrs_all_types_col_cty_union.fid-c18a0c2_186644fdb18_-1ff6,26030,24941000.0,6111000.0,180843643,37.7869466731,-122.411461158,SFPD-INTERIM DB,CITY STREET,11/06/2018 02:30:00 PM,2018 November 06,14:30:00,2018,November,Tuesday,GEARY ST,TAYLOR ST,16.0,Clear,Injury (Complaint of Pain),Vehicle/Pedestrian,Pedestrian,Crossing in Crosswalk at Intersection,Dry,No Unusual Condition,Daylight,Intersection <= 20ft,0.0,1,1.0,Driver,West,Making Left Turn,Pedestrian,South,Not Stated,POINT (-122.41146 37.786945),20.0,6.0,3.0,36.0,14
10475,vw_geo_sfpd_cr_switrs_all_types_col_cty_union.fid-c18a0c2_186644fdb18_-2b17,28528,25013000.0,,130314337,37.7929707723775,-122.409361285215,SFPD-CROSSROADS,CITY STREET,04/17/2013 05:20:00 PM,2013 April 17,17:20:00,2013,April,Wednesday,POWELL ST,SACRAMENTO ST,0.0,Clear,Injury (Complaint of Pain),Vehicle/Pedestrian,Pedestrian,Crossing in Crosswalk at Intersection,Dry,No Unusual Condition,Daylight,Intersection <= 20ft,0.0,1,1.0,Driver,South,Making Left Turn,Pedestrian,East,Proceeding Straight,POINT (-122.40936 37.792973),16.0,6.0,3.0,6.0,17
10476,vw_geo_sfpd_cr_switrs_all_types_col_cty_union.fid-c18a0c2_186644fdb18_-3333,16622,24315000.0,,170468201,37.7792116855019,-122.410936573592,SFPD-CROSSROADS,CITY STREET,06/08/2017 09:58:00 AM,2017 June 08,09:58:00,2017,June,Thursday,MISSION ST,07TH ST,0.0,Raining,Injury (Other Visible),Vehicle/Pedestrian,Pedestrian,Crossing in Crosswalk at Intersection,Wet,No Unusual Condition,Daylight,Intersection <= 20ft,0.0,1,1.0,Pedestrian,South,Other Unsafe Turning,Driver,East,Proceeding Straight,POINT (-122.410934 37.779213),32.0,1.0,10.0,34.0,09
10480,vw_geo_sfpd_cr_switrs_all_types_col_cty_union.fid-c18a0c2_186644fdb18_-256f,3003,28173000.0,11376000.0,180487796,37.7299979928,-122.404576545,SFPD-INTERIM DB,CITY STREET,07/01/2018 12:08:00 PM,2018 July 01,12:08:00,2018,July,Sunday,SAN BRUNO AVE,FELTON ST,15.0,Clear,Injury (Complaint of Pain),Vehicle/Pedestrian,Pedestrian,Crossing Not in Crosswalk,Dry,No Unusual Condition,Daylight,Intersection <= 20ft,0.0,1,1.0,Driver,South,Backing,Pedestrian,East,Proceeding Straight,POINT (-122.40458 37.73),91.0,2.0,2.0,25.0,12
10484,vw_geo_sfpd_cr_switrs_all_types_col_cty_union.fid-c18a0c2_186644fdb18_-2a6d,4902,21939000.0,4772000.0,140856551,37.733872161909,-122.434054828488,SFPD-CROSSROADS,CITY STREET,10/10/2014 01:57:00 PM,2014 October 10,13:57:00,2014,October,Friday,DIAMOND ST,BOSWORTH ST,120.0,Clear,Injury (Severe),Vehicle/Pedestrian,Pedestrian,Crossing Not in Crosswalk,Dry,No Unusual Condition,Daylight,Midblock > 20ft,0.0,1,1.0,Pedestrian,North,Other,Driver,East,Proceeding Straight,POINT (-122.43405 37.73387),96.0,9.0,5.0,10.0,13
10488,vw_geo_sfpd_cr_switrs_all_types_col_cty_union.fid-c18a0c2_186644fdb18_-279e,38959,23170000.0,13246000.0,180367295,37.7392309334,-122.47755664,SFPD-INTERIM DB,CITY STREET,05/17/2018 09:40:00 AM,2018 May 17,09:40:00,2018,May,Thursday,VICENTE ST,21ST AVE,5.0,Clear,Injury (Other Visible),Vehicle/Pedestrian,Pedestrian,Crossing in Crosswalk at Intersection,Dry,No Unusual Condition,Daylight,Intersection <= 20ft,0.0,1,1.0,Pedestrian,North,Proceeding Straight,Driver,East,Proceeding Straight,POINT (-122.477554 37.73923),40.0,10.0,7.0,35.0,09
10490,vw_geo_sfpd_cr_switrs_all_types_col_cty_union.fid-c18a0c2_186644fdb18_-22b3,30511,26498000.0,,180686017,37.7882797329,-122.423594072,SFPD-INTERIM DB,CITY STREET,09/10/2018 05:28:00 PM,2018 September 10,17:28:00,2018,September,Monday,FRANKLIN ST,BUSH ST,0.0,Clear,Injury (Other Visible),Vehicle/Pedestrian,Pedestrian,Crossing in Crosswalk at Intersection,Dry,No Unusual Condition,Daylight,Intersection <= 20ft,0.0,1,1.0,Driver,North,Making Left Turn,Pedestrian,East,Proceeding Straight,POINT (-122.42359 37.78828),100.0,4.0,6.0,39.0,17
10493,vw_geo_sfpd_cr_switrs_all_types_col_cty_union.fid-c18a0c2_186644fdb18_-2467,43024,27273000.0,3473000.0,180563766,37.7753187244,-122.464990401,SFPD-INTERIM DB,CITY STREET,07/29/2018 05:50:00 AM,2018 July 29,05:50:00,2018,July,Sunday,CABRILLO ST,07TH AVE,14.0,Cloudy,Injury (Complaint of Pain),Vehicle/Pedestrian,Pedestrian,Crossing in Crosswalk at Intersection,Dry,No Unusual Condition,Daylight,Intersection <= 20ft,0.0,1,1.0,Driver,West,Making Left Turn,Pedestrian,South,Not Stated,POINT (-122.46499 37.77532),5.0,8.0,4.0,11.0,05
10494,vw_geo_sfpd_cr_switrs_all_types_col_cty_union.fid-c18a0c2_186644fdb18_-3690,24987,24929000.0,5061001.0,170094339,37.7839023934543,-122.412833274919,SFPD-CROSSROADS,CITY STREET,02/02/2017 02:41:00 PM,2017 February 02,14:41:00,2017,February,Thursday,EDDY ST,JONES ST,70.0,Cloudy,Injury (Complaint of Pain),Vehicle/Pedestrian,Pedestrian,"In Road, Including Shoulder",Dry,No Unusual Condition,Daylight,Midblock > 20ft,0.0,1,1.0,Pedestrian,East,Other,Driver,North,Backing,POINT (-122.412834 37.7839),20.0,5.0,10.0,36.0,14
10500,vw_geo_sfpd_cr_switrs_all_types_col_cty_union.fid-c18a0c2_186644fdb18_-1f3d,32152,25221000.0,3548000.0,180902459,37.7906064925,-122.420465178,SFPD-INTERIM DB,CITY STREET,11/29/2018 05:52:00 PM,2018 November 29,17:52:00,2018,November,Thursday,CALIFORNIA ST,POLK ST,65.0,Clear,Injury (Other Visible),Vehicle/Pedestrian,Pedestrian,Crossing Not in Crosswalk,Wet,No Unusual Condition,Dark - Street Lights,Midblock > 20ft,0.0,1,1.0,Pedestrian,North,Proceeding Straight,Driver,East,Proceeding Straight,POINT (-122.42046 37.790607),105.0,4.0,3.0,21.0,17
10507,vw_geo_sfpd_cr_switrs_all_types_col_cty_union.fid-c18a0c2_186644fdb18_-2bd9,966,20432000.0,12268000.0,151073827,37.7127913008008,-122.419425393027,SFPD-CROSSROADS,CITY STREET,12/12/2015 12:20:00 PM,2015 December 12,12:20:00,2015,December,Saturday,SUNNYDALE AVE,SANTOS ST,370.0,Clear,Injury (Complaint of Pain),Rear End,Pedestrian,"In Road, Including Shoulder",Dry,No Unusual Condition,Daylight,Midblock > 20ft,0.0,1,1.0,Pedestrian,East,Stopped In Road,Driver,West,Backing,POINT (-122.419426 37.71279),74.0,9.0,9.0,40.0,12
10509,vw_geo_sfpd_cr_switrs_all_types_col_cty_union.fid-c18a0c2_186644fdb18_-375e,41033,27359000.0,,170010755,37.7637029380848,-122.473913094146,SFPD-CROSSROADS,CITY STREET,01/04/2017 08:00:00 PM,2017 January 04,20:00:00,2017,January,Wednesday,16TH AVE,IRVING ST,0.0,Raining,Injury (Complaint of Pain),Vehicle/Pedestrian,Pedestrian,Crossing in Crosswalk at Intersection,Wet,No Unusual Condition,Dark - Street Lights,Intersection <= 20ft,0.0,1,,Driver,East,Not Stated,Pedestrian,South,Not Stated,POINT (-122.473915 37.763702),109.0,10.0,11.0,14.0,20
10511,vw_geo_sfpd_cr_switrs_all_types_col_cty_union.fid-c18a0c2_186644fdb18_-2743,26496,24959000.0,,180393331,37.7885982037,-122.413541441,SFPD-INTERIM DB,CITY STREET,05/26/2018 11:24:00 PM,2018 May 26,23:24:00,2018,May,Saturday,JONES ST,SUTTER ST,0.0,Clear,Injury (Complaint of Pain),Vehicle/Pedestrian,Pedestrian,Crossing in Crosswalk at Intersection,Dry,No Unusual Condition,Dark - Street Lights,Intersection <= 20ft,0.0,1,1.0,Driver,West,Making Left Turn,Pedestrian,West,Proceeding Straight,POINT (-122.41354 37.788597),50.0,6.0,3.0,21.0,23
10538,vw_geo_sfpd_cr_switrs_all_types_col_cty_union.fid-c18a0c2_186644fdb18_-21d5,33579,25319000.000000004,3152000.0,180726118,37.7978972255,-122.406412147,SFPD-INTERIM DB,CITY STREET,09/24/2018 07:56:00 PM,2018 September 24,19:56:00,2018,September,Monday,BROADWAY,COLUMBUS AVE,75.0,Clear,Injury (Severe),Vehicle/Pedestrian,Pedestrian,Crossing Not in Crosswalk,Dry,No Unusual Condition,Dark - Street Lights,Midblock > 20ft,0.0,1,1.0,Pedestrian,South,Proceeding Straight,Driver,East,Proceeding Straight,POINT (-122.40641 37.797897),106.0,6.0,3.0,23.0,19
10539,vw_geo_sfpd_cr_switrs_all_types_col_cty_union.fid-c18a0c2_186644fdb18_-34af,2936,33647000.0,,170315179,37.7276341262839,-122.403592889264,SFPD-CROSSROADS,CITY STREET,04/17/2017 04:50:00 PM,2017 April 17,16:50:00,2017,April,Monday,BACON ST,SAN BRUNO AVE,0.0,Cloudy,Injury (Complaint of Pain),Vehicle/Pedestrian,Pedestrian,Crossing in Crosswalk at Intersection,Wet,No Unusual Condition,Daylight,Intersection <= 20ft,0.0,1,1.0,Driver,East,Making Right Turn,Pedestrian,South,Proceeding Straight,POINT (-122.403595 37.727634),91.0,2.0,2.0,25.0,16
10544,vw_geo_sfpd_cr_switrs_all_types_col_cty_union.fid-c18a0c2_186644fdb18_-24fc,34602,25317000.0,10576000.0,130404740,37.796793108278,-122.421939373187,SFPD-CROSSROADS,CITY STREET,05/17/2013 07:08:00 AM,2013 May 17,07:08:00,2013,May,Friday,POLK ST,VALLEJO ST,39.0,Clear,Injury (Complaint of Pain),Head-On,Pedestrian,Crossing Not in Crosswalk,Dry,No Unusual Condition,Daylight,Midblock > 20ft,0.0,1,,Pedestrian,West,Not Stated,Driver,South,Proceeding Straight,POINT (-122.421936 37.796795),105.0,4.0,3.0,32.0,07
10549,vw_geo_sfpd_cr_switrs_all_types_col_cty_union.fid-c18a0c2_186644fdb18_-3597,4945,21827000.0,11011002.0,170209180,37.7359763271158,-122.424993663344,SFPD-CROSSROADS,CITY STREET,03/14/2017 08:00:00 AM,2017 March 14,08:00:00,2017,March,Tuesday,RICHLAND AVE,MISSION ST,172.0,Clear,Injury (Other Visible),Vehicle/Pedestrian,Pedestrian,Crossing Not in Crosswalk,Dry,No Unusual Condition,Daylight,Midblock > 20ft,0.0,1,1.0,Pedestrian,North,Not Stated,Driver,East,Not Stated,POINT (-122.424995 37.735977),61.0,9.0,5.0,2.0,08
10554,vw_geo_sfpd_cr_switrs_all_types_col_cty_union.fid-c18a0c2_186644fdb18_-21ae,34123,24880000.0,12559201.0,160042332,37.8061315027336,-122.404575979327,SFPD-CROSSROADS,CITY STREET,01/15/2016 03:30:00 PM,2016 January 15,15:30:00,2016,January,Friday,THE EMBARCADERO,BAY ST,372.0,Clear,Injury (Complaint of Pain),Vehicle/Pedestrian,Pedestrian,"In Road, Including Shoulder",Dry,No Unusual Condition,Daylight,Midblock > 20ft,0.0,1,1.0,Driver,North,Proceeding Straight,Pedestrian,West,Other,POINT (-122.40458 37.806133),77.0,6.0,3.0,23.0,15
10557,vw_geo_sfpd_cr_switrs_all_types_col_cty_union.fid-c18a0c2_186644fdb18_-2c81,5747,21068000.0,,180055791,37.7397100094,-122.411991638,SFPD-INTERIM DB,CITY STREET,01/21/2018 08:45:00 PM,2018 January 21,20:45:00,2018,January,Sunday,PRENTISS ST,CORTLAND AVE,0.0,Raining,Injury (Complaint of Pain),Vehicle/Pedestrian,Pedestrian,Crossing in Crosswalk at Intersection,Wet,No Unusual Condition,Dark - Street Lights,Intersection <= 20ft,0.0,1,1.0,Driver,North,Proceeding Straight,Pedestrian,East,Proceeding Straight,POINT (-122.411995 37.73971),83.0,9.0,2.0,2.0,20
10559,vw_geo_sfpd_cr_switrs_all_types_col_cty_union.fid-c18a0c2_186644fdb18_-252f,8040,25739000.0,3801000.0,130576383,37.7507067501876,-122.434028254341,SFPD-CROSSROADS,CITY STREET,07/13/2013 03:24:00 PM,2013 July 13,15:24:00,2013,July,Saturday,CASTRO ST,JERSEY ST,77.0,Clear,Injury (Complaint of Pain),Vehicle/Pedestrian,Pedestrian,Not in Road,Dry,No Unusual Condition,Daylight,Midblock > 20ft,0.0,1,1.0,Driver,East,Proceeding Straight,Pedestrian,East,Stopped In Road,POINT (-122.43403 37.750706),84.0,3.0,5.0,22.0,15
10561,vw_geo_sfpd_cr_switrs_all_types_col_cty_union.fid-c18a0c2_186644fdb18_-2251,34875,26710000.000000004,,180171886,37.7990666842,-122.427457295,SFPD-INTERIM DB,CITY STREET,03/05/2018 04:54:00 PM,2018 March 05,16:54:00,2018,March,Monday,FILBERT ST,GOUGH ST,0.0,Clear,Injury (Other Visible),Broadside,Pedestrian,Crossing in Crosswalk at Intersection,Dry,No Unusual Condition,Daylight,Intersection <= 20ft,0.0,1,1.0,Driver,West,Stopped In Road,Pedestrian,North,Proceeding Straight,POINT (-122.42746 37.79907),15.0,4.0,6.0,13.0,16
10565,vw_geo_sfpd_cr_switrs_all_types_col_cty_union.fid-c18a0c2_186644fdb18_-2628,17040,24325000.0,,180451058,37.7811361605,-122.412024074,SFPD-INTERIM DB,CITY STREET,06/16/2018 10:20:00 PM,2018 June 16,22:20:00,2018,June,Saturday,MCALLISTER ST,JONES ST,0.0,Clear,Injury (Complaint of Pain),Vehicle/Pedestrian,Pedestrian,Crossing in Crosswalk at Intersection,Dry,No Unusual Condition,Dark - Street Lights,Intersection <= 20ft,0.0,1,1.0,Driver,West,Making Right Turn,Pedestrian,North,Proceeding Straight,POINT (-122.412025 37.781136),20.0,5.0,10.0,36.0,22
10573,vw_geo_sfpd_cr_switrs_all_types_col_cty_union.fid-c18a0c2_186644fdb18_-2a1e,13143,23865000.0,,180195416,37.768530804,-122.404874594,SFPD-INTERIM DB,CITY STREET,03/14/2018 08:00:00 PM,2018 March 14,20:00:00,2018,March,Wednesday,VERMONT ST,ALAMEDA ST,0.0,Clear,Injury (Other Visible),Vehicle/Pedestrian,Pedestrian,Crossing in Crosswalk at Intersection,Dry,No Unusual Condition,Dark - Street Lights,Intersection <= 20ft,0.0,1,1.0,Driver,North,Proceeding Straight,Pedestrian,East,Proceeding Straight,POINT (-122.40488 37.76853),33.0,1.0,9.0,20.0,20
10575,vw_geo_sfpd_cr_switrs_all_types_col_cty_union.fid-c18a0c2_186644fdb18_-35d7,4685,21006000.0,,170175848,37.7311685315539,-122.426161767203,SFPD-CROSSROADS,CITY STREET,03/02/2017 06:41:00 PM,2017 March 02,18:41:00,2017,March,Thursday,ALEMANY BLVD,CONGDON ST,0.0,Clear,Injury (Complaint of Pain),Vehicle/Pedestrian,Pedestrian,Crossing in Crosswalk at Intersection,Dry,No Unusual Condition,Dark - Street Lights,Intersection <= 20ft,0.0,1,1.0,Driver,North,Making Left Turn,Pedestrian,North,Proceeding Straight,POINT (-122.42616 37.731167),94.0,9.0,1.0,7.0,18
10587,vw_geo_sfpd_cr_switrs_all_types_col_cty_union.fid-c18a0c2_186644fdb18_-2617,46319,26686000.0,13166101.0,180457448,37.7985198816,-122.4240078,SFPD-INTERIM DB,CITY STREET,06/20/2019 01:26:00 PM,2019 June 20,13:26:00,2019,June,Thursday,VAN NESS AVE,UNION ST,14.0,Clear,Injury (Complaint of Pain),Vehicle/Pedestrian,Pedestrian,Crossing Not in Crosswalk,Dry,Construction or Repair Zone,Daylight,Intersection <= 20ft,0.0,1,1.0,Pedestrian,West,Proceeding Straight,Driver,North,Proceeding Straight,POINT (-122.42401 37.79852),15.0,4.0,6.0,13.0,13
10588,vw_geo_sfpd_cr_switrs_all_types_col_cty_union.fid-c18a0c2_186644fdb18_-2989,31214,26908000.000000004,4276000.0,180229827,37.782092966,-122.450087541,SFPD-INTERIM DB,CITY STREET,03/28/2018 08:42:00 AM,2018 March 28,08:42:00,2018,March,Wednesday,COLLINS ST,GEARY BLVD,9.0,Clear,Injury (Complaint of Pain),Vehicle/Pedestrian,Pedestrian,Crossing in Crosswalk at Intersection,Dry,No Unusual Condition,Daylight,Intersection <= 20ft,0.0,1,1.0,Driver,South,Proceeding Straight,Pedestrian,West,Proceeding Straight,POINT (-122.45009 37.782093),12.0,8.0,4.0,18.0,08
10593,vw_geo_sfpd_cr_switrs_all_types_col_cty_union.fid-c18a0c2_186644fdb18_-247d,13787,23873000.000000004,3087000.0,131083567,37.7733248441391,-122.402858797861,SFPD-CROSSROADS,CITY STREET,12/26/2013 11:54:00 AM,2013 December 26,11:54:00,2013,December,Thursday,BRANNAN ST,07TH ST,141.0,Clear,Injury (Other Visible),Sideswipe,Pedestrian,Crossing Not in Crosswalk,Dry,No Unusual Condition,Daylight,Midblock > 20ft,0.0,1,1.0,Pedestrian,South,Proceeding Straight,Driver,South,Making Left Turn,POINT (-122.40286 37.773323),32.0,1.0,10.0,34.0,11