,id,unique_id,cnn_intrsctn_fkey,cnn_sgmt_fkey,case_id_pkey,tb_latitude,tb_longitude,geocode_source,geocode_location,collision_datetime,collision_date,collision_time,accident_year,month,day_of_week,primary_rd,secondary_rd,distance,weather_1,collision_severity,type_of_collision,mviw,ped_action,road_surface,road_cond_1,lighting,intersection,number_killed,number_injured,party_at_fault,party1_type,party1_dir_of_travel,party1_move_pre_acc,party2_type,party2_dir_of_travel,party2_move_pre_acc,point,Neighborhoods,Current Police Districts,Current Supervisor Districts,Analysis Neighborhoods,hour
13061,vw_geo_sfpd_cr_switrs_all_types_col_cty_union.fid-c18a0c2_186644fdb18_-d4e,48702,20524000.0,,190799343,37.7295844453,-122.394885738,SFPD-INTERIM DB,CITY STREET,10/23/2019 08:10:00 AM,2019 October 23,08:10:00,2019,October,Wednesday,WILLIAMS AVE,MENDELL ST,0.0,Clear,Injury (Severe),Head-On,Pedestrian,Crossing in Crosswalk at Intersection,Dry,No Unusual Condition,Daylight,Intersection <= 20ft,0.0,1,1.0,Driver,East,Proceeding Straight,Pedestrian,North,Proceeding Straight,POINT (-122.39488 37.729584),87.0,2.0,9.0,1.0,08
13067,vw_geo_sfpd_cr_switrs_all_types_col_cty_union.fid-c18a0c2_186644fdb18_-b0d,49843,27022000.0,,190895747,37.7984592329,-122.447303044,SFPD-INTERIM DB,CITY STREET,11/26/2019 06:06:00 PM,2019 November 26,18:06:00,2019,November,Tuesday,LOMBARD ST,LYON ST,0.0,Raining,Injury (Complaint of Pain),Vehicle/Pedestrian,Pedestrian,Crossing in Crosswalk at Intersection,Wet,No Unusual Condition,Dark - Street Lights,Intersection <= 20ft,0.0,1,1.0,Pedestrian,North,Proceeding Straight,Driver,West,Proceeding Straight,POINT (-122.4473 37.79846),14.0,4.0,6.0,13.0,18
13072,vw_geo_sfpd_cr_switrs_all_types_col_cty_union.fid-c18a0c2_186644fdb18_-e83,3231,33269000.000000004,,131089929,37.7340138721209,-122.390967889904,SFPD-CROSSROADS,CITY STREET,12/28/2013 02:52:00 PM,2013 December 28,14:52:00,2013,December,Saturday,03RD ST,PALOU AVE,0.0,Clear,Injury (Complaint of Pain),Vehicle/Pedestrian,Pedestrian,Crossing in Crosswalk at Intersection,Dry,No Unusual Condition,Daylight,Intersection <= 20ft,0.0,1,1.0,Pedestrian,West,Proceeding Straight,Driver,North,Proceeding Straight,POINT (-122.39097 37.734013),87.0,2.0,9.0,1.0,14
13078,vw_geo_sfpd_cr_switrs_all_types_col_cty_union.fid-c18a0c2_186644fdb18_-dda,24872,24897000.0,5058000.0,130702005,37.7843526426702,-122.409282574481,SFPD-CROSSROADS,CITY STREET,08/23/2013 12:50:00 PM,2013 August 23,12:50:00,2013,August,Friday,EDDY ST,MASON ST,8.0,Cloudy,Injury (Other Visible),Vehicle/Pedestrian,Pedestrian,Crossing in Crosswalk at Intersection,Dry,No Unusual Condition,Daylight,Intersection <= 20ft,0.0,1,1.0,Driver,East,Making Left Turn,Pedestrian,North,Not Stated,POINT (-122.40928 37.78435),19.0,5.0,10.0,36.0,12
13081,vw_geo_sfpd_cr_switrs_all_types_col_cty_union.fid-c18a0c2_186644fdb18_-1d8d,46434,26572000.0,,190025007,37.7962722515,-122.426892729,SFPD-INTERIM DB,CITY STREET,01/10/2019 07:15:00 PM,2019 January 10,19:15:00,2019,January,Thursday,VALLEJO ST,GOUGH ST,0.0,Clear,Injury (Complaint of Pain),Head-On,Pedestrian,Crossing in Crosswalk at Intersection,Dry,No Unusual Condition,Dark - Street Lights,Intersection <= 20ft,0.0,1,1.0,Driver,South,Making Left Turn,Pedestrian,East,Proceeding Straight,POINT (-122.426895 37.796272),102.0,4.0,6.0,13.0,19
13091,vw_geo_sfpd_cr_switrs_all_types_col_cty_union.fid-c18a0c2_186644fdb18_-dcb,24885,24897000.0,5059000.0,140679717,37.7843188458399,-122.409549118641,SFPD-CROSSROADS,CITY STREET,08/14/2014 02:28:00 PM,2014 August 14,14:28:00,2014,August,Thursday,EDDY ST,MASON ST,70.0,Clear,Injury (Complaint of Pain),Vehicle/Pedestrian,Pedestrian,Crossing Not in Crosswalk,Dry,No Unusual Condition,Daylight,Midblock > 20ft,0.0,1,1.0,Pedestrian,South,Entering Traffic,Driver,East,Proceeding Straight,POINT (-122.409546 37.784317),20.0,5.0,10.0,36.0,14
13092,vw_geo_sfpd_cr_switrs_all_types_col_cty_union.fid-c18a0c2_186644fdb18_-c8a,25546,24639000.000000004,,160987954,37.7870244183494,-122.403028193005,SFPD-CROSSROADS,CITY STREET,12/05/2016 01:41:00 PM,2016 December 05,13:41:00,2016,December,Monday,03RD ST,STEVENSON ST,0.0,Clear,Injury (Complaint of Pain),Vehicle/Pedestrian,Pedestrian,Crossing Not in Crosswalk,Dry,No Unusual Condition,Daylight,Intersection <= 20ft,0.0,1,1.0,Pedestrian,East,Not Stated,Driver,North,Proceeding Straight,POINT (-122.40303 37.787025),32.0,6.0,10.0,8.0,13
13093,vw_geo_sfpd_cr_switrs_all_types_col_cty_union.fid-c18a0c2_186644fdb18_-1a9c,47729,23032000.0,,190184073,37.721057296,-122.475221952,SFPD-INTERIM DB,CITY STREET,03/14/2019 11:55:00 AM,2019 March 14,11:55:00,2019,March,Thursday,19TH AVE,HOLLOWAY AVE,0.0,Clear,Injury (Complaint of Pain),Vehicle/Pedestrian,Pedestrian,Crossing in Crosswalk at Intersection,Dry,No Unusual Condition,Daylight,Intersection <= 20ft,0.0,1,1.0,Pedestrian,East,Not Stated,Driver,South,Proceeding Straight,POINT (-122.47522 37.721058),41.0,10.0,8.0,41.0,11
13095,vw_geo_sfpd_cr_switrs_all_types_col_cty_union.fid-c18a0c2_186644fdb18_-14de,47167,24590000.0,7037000.0,190466859,37.7850651977,-122.400424331,SFPD-INTERIM DB,CITY STREET,06/28/2019 10:40:00 AM,2019 June 28,10:40:00,2019,June,Friday,HOWARD ST,03RD ST,18.0,Clear,Injury (Complaint of Pain),Vehicle/Pedestrian,Pedestrian,Crossing in Crosswalk at Intersection,Dry,No Unusual Condition,Daylight,Intersection <= 20ft,0.0,1,1.0,Driver,West,Proceeding Straight,Pedestrian,North,Proceeding Straight,POINT (-122.40042 37.785065),32.0,1.0,10.0,8.0,10
13104,vw_geo_sfpd_cr_switrs_all_types_col_cty_union.fid-c18a0c2_186644fdb18_-c26,25675,30735000.0,8744201.0,130761722,37.788599635812,-122.402297120273,SFPD-CROSSROADS,CITY STREET,09/11/2013 11:15:00 AM,2013 September 11,11:15:00,2013,September,Wednesday,MARKET ST,NEW MONTGOMERY ST,78.0,Cloudy,Injury (Other Visible),Vehicle/Pedestrian,Pedestrian,Crossing Not in Crosswalk,Dry,No Unusual Condition,Daylight,Midblock > 20ft,0.0,1,1.0,Bicyclist,East,Slowing/Stopping,Pedestrian,South,Proceeding Straight,POINT (-122.4023 37.7886),19.0,6.0,3.0,8.0,11
13117,vw_geo_sfpd_cr_switrs_all_types_col_cty_union.fid-c18a0c2_186644fdb18_-bf9,49822,23919000.0,,190850713,37.7772727019,-122.404070257,SFPD-INTERIM DB,CITY STREET,11/10/2019 11:50:00 AM,2019 November 10,11:50:00,2019,November,Sunday,06TH ST,HARRISON ST,0.0,Clear,Injury (Complaint of Pain),Vehicle/Pedestrian,Pedestrian,Crossing in Crosswalk at Intersection,Dry,No Unusual Condition,Daylight,Intersection <= 20ft,0.0,1,1.0,Driver,South,Making Left Turn,Pedestrian,East,Proceeding Straight,POINT (-122.40407 37.77727),32.0,1.0,10.0,34.0,11
13121,vw_geo_sfpd_cr_switrs_all_types_col_cty_union.fid-c18a0c2_186644fdb18_-1459,48517,34171000.0,,190494082,37.771009192,-122.391199349,SFPD-INTERIM DB,CITY STREET,07/08/2019 03:58:00 PM,2019 July 08,15:58:00,2019,July,Monday,04TH ST,MISSION BAY BLVD NORTH,0.0,Clear,Injury (Complaint of Pain),Vehicle/Pedestrian,Pedestrian,Crossing in Crosswalk at Intersection,Dry,No Unusual Condition,Daylight,Intersection <= 20ft,0.0,1,1.0,Driver,South,Making Left Turn,Pedestrian,East,Proceeding Straight,POINT (-122.3912 37.771008),34.0,1.0,10.0,4.0,15
13140,vw_geo_sfpd_cr_switrs_all_types_col_cty_union.fid-c18a0c2_186644fdb18_-1c42,37273,23016000.0,,160916812,37.7216237681759,-122.472322354746,SFPD-CROSSROADS,CITY STREET,11/10/2016 05:20:00 PM,2016 November 10,17:20:00,2016,November,Thursday,HOLLOWAY AVE,JUNIPERO SERRA BLVD,0.0,Clear,Injury (Other Visible),Vehicle/Pedestrian,Pedestrian,Crossing in Crosswalk at Intersection,Dry,No Unusual Condition,Dark - Street Lights,Intersection <= 20ft,0.0,1,1.0,Driver,North,Making Right Turn,Pedestrian,East,Proceeding Straight,POINT (-122.47232 37.721622),64.0,10.0,1.0,24.0,17
13151,vw_geo_sfpd_cr_switrs_all_types_col_cty_union.fid-c18a0c2_186644fdb18_-af3,48753,25196000.0,,190898280,37.7845466091,-122.422838086,SFPD-INTERIM DB,CITY STREET,11/27/2019 05:10:00 PM,2019 November 27,17:10:00,2019,November,Wednesday,OFARRELL ST,FRANKLIN ST,0.0,Clear,Injury (Complaint of Pain),Vehicle/Pedestrian,Pedestrian,Crossing in Crosswalk at Intersection,Dry,No Unusual Condition,Dusk - Dawn,Intersection <= 20ft,0.0,1,1.0,Driver,North,Making Left Turn,Pedestrian,East,Proceeding Straight,POINT (-122.42284 37.784546),100.0,4.0,11.0,39.0,17
13161,vw_geo_sfpd_cr_switrs_all_types_col_cty_union.fid-c18a0c2_186644fdb18_-db5,50280,25091000.0,,190784112,37.7914164793,-122.414107302,SFPD-INTERIM DB,CITY STREET,10/17/2019 09:42:00 PM,2019 October 17,21:42:00,2019,October,Thursday,CALIFORNIA ST,JONES ST,0.0,Clear,Injury (Other Visible),Vehicle/Pedestrian,Pedestrian,Crossing in Crosswalk at Intersection,Dry,No Unusual Condition,Dark - Street Lights,Intersection <= 20ft,0.0,1,1.0,Driver,East,Making Left Turn,Pedestrian,North,Proceeding Straight,POINT (-122.41411 37.791416),16.0,6.0,3.0,21.0,21
13175,vw_geo_sfpd_cr_switrs_all_types_col_cty_union.fid-c18a0c2_186644fdb18_-f33,48093,23513000.0,,190731276,37.7435351562,-122.507193246,SFPD-INTERIM DB,CITY STREET,09/29/2019 05:40:00 PM,2019 September 29,17:40:00,2019,September,Sunday,GREAT HWY,SANTIAGO ST,0.0,Clear,Injury (Other Visible),Rear End,Pedestrian,"In Road, Including Shoulder",Dry,No Unusual Condition,Daylight,Intersection <= 20ft,0.0,1,1.0,Bicyclist,South,Proceeding Straight,Pedestrian,South,Proceeding Straight,POINT (-122.507195 37.743534),39.0,10.0,7.0,35.0,17
13177,vw_geo_sfpd_cr_switrs_all_types_col_cty_union.fid-c18a0c2_186644fdb18_-178e,47050,27967000.0,6435101.0,190335856,37.7674258395,-122.510332984,SFPD-INTERIM DB,CITY STREET,05/10/2019 06:14:00 PM,2019 May 10,18:14:00,2019,May,Friday,GREAT HWY,LINCOLN WAY,1250.0,Cloudy,Injury (Complaint of Pain),Vehicle/Pedestrian,Pedestrian,Crossing in Crosswalk Not at Intersection,Dry,No Unusual Condition,Daylight,Midblock > 20ft,0.0,1,1.0,Driver,North,Proceeding Straight,Pedestrian,East,Proceeding Straight,POINT (-122.51033 37.767426),9.0,8.0,4.0,12.0,18
13187,vw_geo_sfpd_cr_switrs_all_types_col_cty_union.fid-c18a0c2_186644fdb18_-ae4,26180,24960000.0,,160569198,37.7867297451637,-122.413161444531,SFPD-CROSSROADS,CITY STREET,06/14/2016 03:26:00 PM,2016 June 14,15:26:00,2016,June,Tuesday,GEARY ST,JONES ST,0.0,Clear,Injury (Other Visible),Vehicle/Pedestrian,Pedestrian,Crossing in Crosswalk at Intersection,Dry,No Unusual Condition,Daylight,Intersection <= 20ft,0.0,1,1.0,Driver,West,Making Left Turn,Pedestrian,East,Proceeding Straight,POINT (-122.41316 37.786728),20.0,6.0,10.0,36.0,15
13192,vw_geo_sfpd_cr_switrs_all_types_col_cty_union.fid-c18a0c2_186644fdb18_-e76,49283,24065000.0,11840000.0,190762873,37.7545981242,-122.415374156,SFPD-INTERIM DB,CITY STREET,10/10/2019 08:25:00 AM,2019 October 10,08:25:00,2019,October,Thursday,SHOTWELL ST,23RD ST,206.0,Clear,Injury (Complaint of Pain),Vehicle/Pedestrian,Pedestrian,Crossing Not in Crosswalk,Dry,No Unusual Condition,Daylight,Midblock > 20ft,0.0,1,1.0,Driver,West,Proceeding Straight,Pedestrian,North,Proceeding Straight,POINT (-122.415375 37.754597),53.0,3.0,2.0,20.0,08
13193,vw_geo_sfpd_cr_switrs_all_types_col_cty_union.fid-c18a0c2_186644fdb18_-b80,48827,26853000.0,11707000.0,190876167,37.7918592406,-122.439490945,SFPD-INTERIM DB,CITY STREET,11/19/2019 05:34:00 PM,2019 November 19,17:34:00,2019,November,Tuesday,SCOTT ST,JACKSON ST,6.0,Clear,Injury (Severe),Vehicle/Pedestrian,Pedestrian,Crossing in Crosswalk at Intersection,Dry,No Unusual Condition,Dark - Street Lights,Intersection <= 20ft,0.0,1,1.0,Driver,North,Proceeding Straight,Pedestrian,West,Proceeding Straight,POINT (-122.43949 37.79186),102.0,4.0,6.0,30.0,17
13198,vw_geo_sfpd_cr_switrs_all_types_col_cty_union.fid-c18a0c2_186644fdb18_-1b5c,46746,26223000.0,3996000.0,190149679,37.7543275354,-122.446620052,SFPD-INTERIM DB,CITY STREET,02/28/2019 07:57:00 PM,2019 February 28,19:57:00,2019,February,Thursday,CHRISTMAS TREE POINT RD,TWIN PEAKS BLVD,200.0,Clear,Injury (Complaint of Pain),Vehicle/Pedestrian,Pedestrian,"In Road, Including Shoulder",Dry,No Unusual Condition,Dark - Street Lights,Midblock > 20ft,0.0,1,1.0,Pedestrian,North,Stopped,Driver,South,Not Stated,POINT (-122.44662 37.754326),47.0,7.0,5.0,38.0,19
13203,vw_geo_sfpd_cr_switrs_all_types_col_cty_union.fid-c18a0c2_186644fdb18_-1ae6,46794,26180000.0,,190167336,37.7581928664,-122.443782167,SFPD-INTERIM DB,CITY STREET,03/07/2019 07:27:00 PM,2019 March 07,19:27:00,2019,March,Thursday,MARKET ST,CLAYTON ST,0.0,Clear,Injury (Complaint of Pain),Head-On,Pedestrian,Crossing in Crosswalk at Intersection,Dry,No Unusual Condition,Dark - Street Lights,Intersection <= 20ft,0.0,1,1.0,Pedestrian,West,Proceeding Straight,Driver,South,Proceeding Straight,POINT (-122.44378 37.758194),115.0,3.0,5.0,5.0,19
13204,vw_geo_sfpd_cr_switrs_all_types_col_cty_union.fid-c18a0c2_186644fdb18_-8c1,49881,23980000.0,,190973315,37.7509680889,-122.412838554,SFPD-INTERIM DB,CITY STREET,12/28/2019 02:00:00 AM,2019 December 28,02:00:00,2019,December,Saturday,TREAT AVE,25TH ST,0.0,Clear,Injury (Complaint of Pain),Vehicle/Pedestrian,Pedestrian,"In Road, Including Shoulder",Dry,No Unusual Condition,Dark - Street Lights,Intersection <= 20ft,0.0,1,1.0,Driver,South,Proceeding Straight,Pedestrian,West,Stopped,POINT (-122.41284 37.75097),53.0,3.0,2.0,20.0,02
13215,vw_geo_sfpd_cr_switrs_all_types_col_cty_union.fid-c18a0c2_186644fdb18_-16ab,41970,27182000.0,,170048869,37.7674488104999,-122.460676841541,SFPD-CROSSROADS,CITY STREET,01/18/2017 05:20:00 PM,2017 January 18,17:20:00,2017,January,Wednesday,BOWLING GREEN DR,MARTIN LUTHER KING JR DR,0.0,Raining,Injury (Complaint of Pain),Vehicle/Pedestrian,Pedestrian,Crossing in Crosswalk at Intersection,Wet,No Unusual Condition,Daylight,Intersection <= 20ft,0.0,1,1.0,Driver,East,Proceeding Straight,Pedestrian,South,Proceeding Straight,POINT (-122.46068 37.76745),9.0,8.0,11.0,12.0,17
13220,vw_geo_sfpd_cr_switrs_all_types_col_cty_union.fid-c18a0c2_186644fdb18_-fd6,48389,33272000.0,11379000.0,190706724,37.7264230347,-122.403097943,SFPD-INTERIM DB,CITY STREET,09/21/2019 09:34:00 AM,2019 September 21,09:34:00,2019,September,Saturday,SAN BRUNO AVE,WAYLAND ST,4.0,Clear,Injury (Severe),Vehicle/Pedestrian,Pedestrian,Crossing in Crosswalk at Intersection,Dry,No Unusual Condition,Daylight,Intersection <= 20ft,0.0,1,1.0,Driver,South,Proceeding Straight,Pedestrian,West,Other,POINT (-122.4031 37.72642),91.0,2.0,2.0,25.0,09
13222,vw_geo_sfpd_cr_switrs_all_types_col_cty_union.fid-c18a0c2_186644fdb18_-ac5,6961,21326000.0,,150228718,37.7410274078673,-122.42284057702,SFPD-CROSSROADS,CITY STREET,03/14/2015 05:37:00 PM,2015 March 14,17:37:00,2015,March,Saturday,CORTLAND AVE,MISSION ST,0.0,Clear,Injury (Severe),Vehicle/Pedestrian,Pedestrian,Crossing in Crosswalk at Intersection,Dry,No Unusual Condition,Daylight,Intersection <= 20ft,0.0,1,1.0,Driver,South,Making Left Turn,Pedestrian,East,Proceeding Straight,POINT (-122.422844 37.741028),83.0,9.0,2.0,2.0,17
13227,vw_geo_sfpd_cr_switrs_all_types_col_cty_union.fid-c18a0c2_186644fdb18_-1c6f,46588,25170000.0,,190086140,37.7861010397,-122.418088098,SFPD-INTERIM DB,CITY STREET,02/04/2019 12:30:00 AM,2019 February 04,00:30:00,2019,February,Monday,GEARY ST,LARKIN ST,0.0,Raining,Injury (Other Visible),Vehicle/Pedestrian,Pedestrian,Crossing Not in Crosswalk,Wet,No Unusual Condition,Dark - Street Lights,Intersection <= 20ft,0.0,1,1.0,Pedestrian,North,Other,Driver,North,Making Left Turn,POINT (-122.41809 37.786102),20.0,6.0,10.0,36.0,00
13236,vw_geo_sfpd_cr_switrs_all_types_col_cty_union.fid-c18a0c2_186644fdb18_-1d79,46450,20633000.0,13504000.0,190029980,37.7262553888,-122.403785461,SFPD-INTERIM DB,CITY STREET,01/12/2019 07:30:00 PM,2019 January 12,19:30:00,2019,January,Saturday,WAYLAND ST,GIRARD ST,96.0,Clear,Injury (Complaint of Pain),Vehicle/Pedestrian,Pedestrian,"In Road, Including Shoulder",Dry,No Unusual Condition,Dark - Street Lights,Midblock > 20ft,0.0,1,1.0,Pedestrian,West,Stopped,Driver,East,Entering Traffic,POINT (-122.403786 37.726254),91.0,2.0,2.0,25.0,19
13240,vw_geo_sfpd_cr_switrs_all_types_col_cty_union.fid-c18a0c2_186644fdb18_-f3e,48174,23907000.0,,190730030,37.7812175205,-122.400149637,SFPD-INTERIM DB,CITY STREET,09/29/2019 07:57:00 AM,2019 September 29,07:57:00,2019,September,Sunday,CLARA ST,04TH ST,0.0,Clear,Injury (Complaint of Pain),Vehicle/Pedestrian,Pedestrian,Crossing in Crosswalk at Intersection,Dry,"Holes, Deep Ruts",Dusk - Dawn,Intersection <= 20ft,0.0,1,1.0,Driver,East,Making Right Turn,Pedestrian,North,Proceeding Straight,POINT (-122.40015 37.781216),32.0,1.0,10.0,34.0,07
13241,vw_geo_sfpd_cr_switrs_all_types_col_cty_union.fid-c18a0c2_186644fdb18_-183b,40939,27369000.0,,170429742,37.761653158029,-122.478061976761,SFPD-CROSSROADS,CITY STREET,05/25/2017 05:15:00 PM,2017 May 25,17:15:00,2017,May,Thursday,20TH AVE,JUDAH ST,0.0,Clear,Injury (Complaint of Pain),Vehicle/Pedestrian,Pedestrian,Crossing in Crosswalk at Intersection,Dry,No Unusual Condition,Daylight,Intersection <= 20ft,0.0,1,1.0,Driver,North,Proceeding Straight,Pedestrian,West,Proceeding Straight,POINT (-122.478065 37.761654),39.0,10.0,7.0,35.0,17
13242,vw_geo_sfpd_cr_switrs_all_types_col_cty_union.fid-c18a0c2_186644fdb18_-12ee,28765,25175000.0,,180107972,37.7821692699,-122.418993273,SFPD-INTERIM DB,CITY STREET,02/09/2018 03:32:00 PM,2018 February 09,15:32:00,2018,February,Friday,POLK ST,TURK ST,0.0,Clear,Injury (Other Visible),Vehicle/Pedestrian,Pedestrian,Crossing Not in Crosswalk,Dry,No Unusual Condition,Daylight,Intersection <= 20ft,0.0,1,1.0,Pedestrian,West,Proceeding Straight,Driver,South,Proceeding Straight,POINT (-122.41899 37.78217),20.0,4.0,10.0,36.0,15
13247,vw_geo_sfpd_cr_switrs_all_types_col_cty_union.fid-c18a0c2_186644fdb18_-17e2,47036,23564000.0,,190315046,37.7604910094,-122.3885564,SFPD-INTERIM DB,CITY STREET,05/03/2019 11:53:00 AM,2019 May 03,11:53:00,2019,May,Friday,03RD ST,20TH ST,0.0,Clear,Injury (Other Visible),Vehicle/Pedestrian,Pedestrian,Crossing Not in Crosswalk,Dry,No Unusual Condition,Daylight,Intersection <= 20ft,0.0,1,1.0,Pedestrian,East,Proceeding Straight,Driver,South,Proceeding Straight,POINT (-122.38856 37.76049),55.0,2.0,9.0,26.0,11
13269,vw_geo_sfpd_cr_switrs_all_types_col_cty_union.fid-c18a0c2_186644fdb18_-f73,48422,33338000.0,,190723869,37.7178873789,-122.422472988,SFPD-INTERIM DB,CITY STREET,09/27/2019 07:49:00 AM,2019 September 27,07:49:00,2019,September,Friday,MANSELL ST,BRAZIL AVE,0.0,Clear,Injury (Complaint of Pain),Vehicle/Pedestrian,Pedestrian,Crossing in Crosswalk at Intersection,Wet,No Unusual Condition,Daylight,Intersection <= 20ft,0.0,1,1.0,Driver,West,Slowing/Stopping,Pedestrian,North,Proceeding Straight,POINT (-122.42247 37.717888),73.0,9.0,9.0,19.0,07
13276,vw_geo_sfpd_cr_switrs_all_types_col_cty_union.fid-c18a0c2_186644fdb18_-fc2,23936,24590000.0,7038000.0,170157125,37.7850154838554,-122.400487201995,SFPD-CROSSROADS,CITY STREET,02/24/2017 10:26:00 AM,2017 February 24,10:26:00,2017,February,Friday,HOWARD ST,03RD ST,7.0,Clear,Injury (Complaint of Pain),Vehicle/Pedestrian,Pedestrian,Crossing in Crosswalk at Intersection,Dry,No Unusual Condition,Daylight,Intersection <= 20ft,0.0,2,1.0,Driver,West,Making Left Turn,Pedestrian,North,Not Stated,POINT (-122.40049 37.785015),32.0,1.0,10.0,8.0,10
13279,vw_geo_sfpd_cr_switrs_all_types_col_cty_union.fid-c18a0c2_186644fdb18_-99f,36679,22543000.000000004,,141055910,37.7142816839357,-122.46979824241,SFPD-CROSSROADS,CITY STREET,12/16/2014 07:40:00 AM,2014 December 16,07:40:00,2014,December,Tuesday,19TH AVE,BYXBEE ST,0.0,Clear,Injury (Complaint of Pain),Vehicle/Pedestrian,Pedestrian,Crossing in Crosswalk at Intersection,Dry,No Unusual Condition,Daylight,Intersection <= 20ft,0.0,1,1.0,Driver,North,Ran Off Road,Pedestrian,West,Other,POINT (-122.469795 37.714283),65.0,10.0,1.0,24.0,07
13285,vw_geo_sfpd_cr_switrs_all_types_col_cty_union.fid-c18a0c2_186644fdb18_-7de,9900,24053000.0,,141015152,37.7638232073323,-122.413587569369,SFPD-CROSSROADS,CITY STREET,12/01/2014 05:30:00 PM,2014 December 01,17:30:00,2014,December,Monday,17TH ST,TREAT AVE,0.0,Clear,Injury (Other Visible),Broadside,Pedestrian,Crossing in Crosswalk at Intersection,Dry,No Unusual Condition,Dark - Street Lights,Intersection <= 20ft,0.0,1,1.0,Pedestrian,North,Proceeding Straight,Driver,West,Proceeding Straight,POINT (-122.41359 37.763824),53.0,3.0,2.0,20.0,17
13290,vw_geo_sfpd_cr_switrs_all_types_col_cty_union.fid-c18a0c2_186644fdb18_-97f,26867,30730000.0,5860000.0,140528807,37.7911953999334,-122.397611126705,SFPD-CROSSROADS,CITY STREET,06/26/2014 05:09:00 AM,2014 June 26,05:09:00,2014,June,Thursday,FREMONT ST,MARKET ST,267.0,Clear,Injury (Complaint of Pain),Vehicle/Pedestrian,Pedestrian,Crossing Not in Crosswalk,Dry,No Unusual Condition,Dark - Street Lights,Midblock > 20ft,0.0,1,1.0,Driver,North,Entering Traffic,Pedestrian,West,Proceeding Straight,POINT (-122.39761 37.791195),108.0,6.0,10.0,8.0,05
13292,vw_geo_sfpd_cr_switrs_all_types_col_cty_union.fid-c18a0c2_186644fdb18_-dfa,48737,22115000.0,,190775848,37.7257926853,-122.44238719,SFPD-INTERIM DB,CITY STREET,10/15/2019 07:01:00 AM,2019 October 15,07:01:00,2019,October,Tuesday,SAN JOSE AVE,SANTA YNEZ AVE,0.0,Clear,Injury (Other Visible),Vehicle/Pedestrian,Pedestrian,Crossing in Crosswalk at Intersection,Dry,No Unusual Condition,Daylight,Intersection <= 20ft,0.0,1,1.0,Driver,North,Proceeding Straight,Pedestrian,West,Proceeding Straight,POINT (-122.44239 37.725792),94.0,9.0,1.0,28.0,07
13294,vw_geo_sfpd_cr_switrs_all_types_col_cty_union.fid-c18a0c2_186644fdb18_-1bff,46647,26810000.0,3456000.0,190108788,37.7861817556,-122.440044117,SFPD-INTERIM DB,CITY STREET,02/13/2019 06:09:00 AM,2019 February 13,06:09:00,2019,February,Wednesday,BUSH ST,DIVISADERO ST,5.0,Raining,Injury (Other Visible),Vehicle/Pedestrian,Pedestrian,Crossing in Crosswalk at Intersection,Wet,No Unusual Condition,Dark - Street Lights,Intersection <= 20ft,0.0,1,1.0,Driver,East,Making Left Turn,Pedestrian,South,Proceeding Straight,POINT (-122.44004 37.786182),103.0,4.0,6.0,30.0,06
13301,vw_geo_sfpd_cr_switrs_all_types_col_cty_union.fid-c18a0c2_186644fdb18_-1d6c,46459,33724000.0,11958101.0,190034008,37.7339670973,-122.490549139,SFPD-INTERIM DB,CITY STREET,01/14/2019 02:52:00 PM,2019 January 14,14:52:00,2019,January,Monday,SLOAT BLVD,34TH AVE,234.0,Raining,Injury (Other Visible),Vehicle/Pedestrian,Pedestrian,Crossing in Crosswalk at Intersection,Wet,No Unusual Condition,Daylight,Midblock > 20ft,0.0,1,1.0,Driver,West,Proceeding Straight,Pedestrian,North,Proceeding Straight,POINT (-122.49055 37.733967),43.0,10.0,8.0,35.0,14
13304,vw_geo_sfpd_cr_switrs_all_types_col_cty_union.fid-c18a0c2_186644fdb18_-ac2,1315,21510000.0,,180708081,37.713591511,-122.443706032,SFPD-INTERIM DB,CITY STREET,09/18/2018 03:55:00 PM,2018 September 18,15:55:00,2018,September,Tuesday,MISSION ST,OTTAWA AVE,0.0,Clear,Injury (Complaint of Pain),Vehicle/Pedestrian,Pedestrian,Crossing in Crosswalk at Intersection,Dry,No Unusual Condition,Daylight,Intersection <= 20ft,0.0,1,1.0,Driver,East,Making Left Turn,Pedestrian,West,Proceeding Straight,POINT (-122.4437 37.713593),58.0,9.0,1.0,7.0,15
13305,vw_geo_sfpd_cr_switrs_all_types_col_cty_union.fid-c18a0c2_186644fdb18_-cc6,50316,21006000.0,,190817058,37.7311685315539,-122.426161767203,SFPD-INTERIM DB,CITY STREET,10/29/2019 06:42:00 AM,2019 October 29,06:42:00,2019,October,Tuesday,JUSTIN DR,ALEMANY BLVD,0.0,Clear,Injury (Complaint of Pain),Vehicle/Pedestrian,Pedestrian,Crossing in Crosswalk at Intersection,Dry,No Unusual Condition,Dark - Street Lights,Intersection <= 20ft,0.0,1,1.0,Driver,West,Making Left Turn,Pedestrian,South,Proceeding Straight,POINT (-122.42616 37.731167),94.0,9.0,1.0,7.0,06