,id,unique_id,cnn_intrsctn_fkey,cnn_sgmt_fkey,case_id_pkey,tb_latitude,tb_longitude,geocode_source,geocode_location,collision_datetime,collision_date,collision_time,accident_year,month,day_of_week,primary_rd,secondary_rd,distance,weather_1,collision_severity,type_of_collision,mviw,ped_action,road_surface,road_cond_1,lighting,intersection,number_killed,number_injured,party_at_fault,party1_type,party1_dir_of_travel,party1_move_pre_acc,party2_type,party2_dir_of_travel,party2_move_pre_acc,point,Neighborhoods,Current Police Districts,Current Supervisor Districts,Analysis Neighborhoods,hour
18262,vw_geo_sfpd_cr_switrs_all_types_col_cty_union.fid-c18a0c2_186644fdb18_-1eda,16636,24315000.0,,180923007,37.7792116854,-122.410936574,SFPD-INTERIM DB,CITY STREET,12/04/2018 02:15:00 PM,2018 December 04,14:15:00,2018,December,Tuesday,07TH ST,MISSION ST,0.0,Clear,Injury (Complaint of Pain),Vehicle/Pedestrian,Pedestrian,Crossing in Crosswalk at Intersection,Dry,No Unusual Condition,Daylight,Intersection <= 20ft,0.0,1,1.0,Driver,North,Proceeding Straight,Pedestrian,East,Proceeding Straight,POINT (-122.410934 37.779213),32.0,1.0,10.0,34.0,14
18274,vw_geo_sfpd_cr_switrs_all_types_col_cty_union.fid-c18a0c2_186644fdb18_-1010,48372,24073000.000000004,,190695252,37.7506396501,-122.41828787,SFPD-INTERIM DB,CITY STREET,09/17/2019 03:43:00 PM,2019 September 17,15:43:00,2019,September,Tuesday,MISSION ST,25TH ST,0.0,Clear,Injury (Complaint of Pain),Broadside,Pedestrian,Crossing in Crosswalk at Intersection,Dry,No Unusual Condition,Daylight,Intersection <= 20ft,0.0,1,1.0,Driver,South,Making Right Turn,Pedestrian,East,Proceeding Straight,POINT (-122.41829 37.75064),53.0,3.0,2.0,20.0,15
18282,vw_geo_sfpd_cr_switrs_all_types_col_cty_union.fid-c18a0c2_186644fdb18_-1d78,35351,26973000.000000004,,180128031,37.7992123666,-122.440977561,SFPD-INTERIM DB,CITY STREET,02/17/2018 09:40:00 AM,2018 February 17,09:40:00,2018,February,Saturday,LOMBARD ST,SCOTT ST,0.0,Clear,Injury (Other Visible),Vehicle/Pedestrian,Pedestrian,Crossing in Crosswalk at Intersection,Dry,No Unusual Condition,Daylight,Intersection <= 20ft,0.0,1,1.0,Driver,South,Making Left Turn,Pedestrian,North,Proceeding Straight,POINT (-122.44098 37.799213),14.0,4.0,6.0,13.0,09
18289,vw_geo_sfpd_cr_switrs_all_types_col_cty_union.fid-c18a0c2_186644fdb18_-1bb7,37969,23070000.0,,160896349,37.7310323550775,-122.471797435888,SFPD-CROSSROADS,CITY STREET,11/03/2016 04:58:00 PM,2016 November 03,16:58:00,2016,November,Thursday,JUNIPERO SERRA BLVD,OCEAN AVE,0.0,Clear,Injury (Complaint of Pain),Vehicle/Pedestrian,Pedestrian,Crossing in Crosswalk at Intersection,Dry,No Unusual Condition,Daylight,Intersection <= 20ft,0.0,1,1.0,Driver,South,Making Left Turn,Pedestrian,East,Proceeding Straight,POINT (-122.471794 37.731033),63.0,10.0,8.0,41.0,16
18301,vw_geo_sfpd_cr_switrs_all_types_col_cty_union.fid-c18a0c2_186644fdb18_-1efa,29136,25149000.0,5178000.0,180916701,37.784231052,-122.417744342,SFPD-INTERIM DB,CITY STREET,12/05/2018 06:55:00 AM,2018 December 05,06:55:00,2018,December,Wednesday,ELLIS ST,LARKIN ST,11.0,Raining,Injury (Complaint of Pain),Vehicle/Pedestrian,Pedestrian,Crossing in Crosswalk at Intersection,Wet,No Unusual Condition,Dark - Street Lights,Intersection <= 20ft,0.0,1,1.0,Driver,West,Making Left Turn,Pedestrian,North,Proceeding Straight,POINT (-122.41775 37.78423),20.0,5.0,10.0,36.0,06
18302,vw_geo_sfpd_cr_switrs_all_types_col_cty_union.fid-c18a0c2_186644fdb18_-1a91,39141,23199000.0,,180658834,37.7429086375,-122.478904794,SFPD-INTERIM DB,CITY STREET,08/31/2018 04:56:00 PM,2018 August 31,16:56:00,2018,August,Friday,TARAVAL ST,22ND AVE,0.0,Clear,Injury (Severe),Vehicle/Pedestrian,Pedestrian,Crossing in Crosswalk at Intersection,Wet,No Unusual Condition,Daylight,Intersection <= 20ft,0.0,1,1.0,Driver,East,Proceeding Straight,Pedestrian,South,Not Stated,POINT (-122.478905 37.74291),40.0,10.0,7.0,35.0,16
18305,vw_geo_sfpd_cr_switrs_all_types_col_cty_union.fid-c18a0c2_186644fdb18_-9a8,36676,22544000.0,10894000.0,140477072,37.7142818423324,-122.468896589565,SFPD-CROSSROADS,CITY STREET,06/08/2014 03:20:00 PM,2014 June 08,15:20:00,2014,June,Sunday,RALSTON ST,RANDOLPH ST,9.0,Clear,Injury (Other Visible),Vehicle/Pedestrian,Pedestrian,Crossing in Crosswalk at Intersection,Dry,No Unusual Condition,Daylight,Intersection <= 20ft,0.0,1,1.0,Pedestrian,West,Proceeding Straight,Driver,South,Stopped In Road,POINT (-122.468895 37.714283),65.0,10.0,1.0,24.0,15
18307,vw_geo_sfpd_cr_switrs_all_types_col_cty_union.fid-c18a0c2_186644fdb18_-a12,49418,25649000.0,,190930503,37.7515708543,-122.429658709,SFPD-INTERIM DB,CITY STREET,12/10/2019 08:01:00 PM,2019 December 10,20:01:00,2019,December,Tuesday,24TH ST,SANCHEZ ST,0.0,Raining,Injury (Complaint of Pain),Sideswipe,Pedestrian,Crossing in Crosswalk at Intersection,Wet,No Unusual Condition,Dark - Street Lights,Intersection <= 20ft,0.0,1,1.0,Driver,North,Making Left Turn,Pedestrian,East,Proceeding Straight,POINT (-122.42966 37.75157),84.0,3.0,5.0,22.0,20
18312,vw_geo_sfpd_cr_switrs_all_types_col_cty_union.fid-c18a0c2_186644fdb18_-1baa,46699,27302000.0,,190125221,37.7807687389,-122.469627031,SFPD-INTERIM DB,CITY STREET,02/19/2019 06:51:00 PM,2019 February 19,18:51:00,2019,February,Tuesday,11TH AVE,GEARY BLVD,0.0,Clear,Injury (Complaint of Pain),Vehicle/Pedestrian,Pedestrian,Crossing in Crosswalk at Intersection,Dry,No Unusual Condition,Dark - Street Lights,Intersection <= 20ft,0.0,2,1.0,Driver,North,Backing,Pedestrian,East,Proceeding Straight,POINT (-122.46963 37.78077),5.0,8.0,4.0,11.0,18
18331,vw_geo_sfpd_cr_switrs_all_types_col_cty_union.fid-c18a0c2_186644fdb18_-9f7,26653,24527000.0,7032000.0,151040832,37.7892157027774,-122.395174959484,SFPD-CROSSROADS,CITY STREET,12/01/2015 05:39:00 AM,2015 December 01,05:39:00,2015,December,Tuesday,HOWARD ST,FREMONT ST,10.0,Clear,Injury (Other Visible),Vehicle/Pedestrian,Pedestrian,Crossing in Crosswalk at Intersection,Dry,No Unusual Condition,Dusk - Dawn,Intersection <= 20ft,0.0,1,1.0,Driver,West,Making Left Turn,Pedestrian,North,Proceeding Straight,POINT (-122.39517 37.789215),32.0,1.0,10.0,8.0,05
18335,vw_geo_sfpd_cr_switrs_all_types_col_cty_union.fid-c18a0c2_186644fdb18_-1d98,46427,24199000.0,416000.0,190020427,37.7724640402,-122.406890193,SFPD-INTERIM DB,CITY STREET,01/09/2019 09:00:00 AM,2019 January 09,09:00:00,2019,January,Wednesday,08TH ST,BRYANT ST,32.0,Cloudy,Injury (Complaint of Pain),Sideswipe,Pedestrian,"In Road, Including Shoulder",Wet,No Unusual Condition,Daylight,Midblock > 20ft,0.0,2,1.0,Pedestrian,East,Entering Traffic,Bicyclist,South,Proceeding Straight,POINT (-122.40689 37.772465),33.0,1.0,10.0,34.0,09
18337,vw_geo_sfpd_cr_switrs_all_types_col_cty_union.fid-c18a0c2_186644fdb18_-1cb2,36501,22516000.0,,140346900,37.7114949700059,-122.467027506595,SFPD-CROSSROADS,CITY STREET,04/26/2014 05:01:00 PM,2014 April 26,17:01:00,2014,April,Saturday,ALEMANY BLVD,WORCESTER AVE,0.0,Clear,Injury (Complaint of Pain),Vehicle/Pedestrian,Pedestrian,Crossing in Crosswalk at Intersection,Dry,No Unusual Condition,Daylight,Intersection <= 20ft,0.0,2,1.0,Driver,North,Making Left Turn,Pedestrian,South,Proceeding Straight,POINT (-122.467026 37.711494),65.0,10.0,8.0,24.0,17
18341,vw_geo_sfpd_cr_switrs_all_types_col_cty_union.fid-c18a0c2_186644fdb18_-1180,23017,24490000.0,,160604409,37.7830778543794,-122.393618075401,SFPD-CROSSROADS,CITY STREET,07/27/2016 10:20:00 AM,2016 July 27,10:20:00,2016,July,Wednesday,BRYANT ST,02ND ST,0.0,Clear,Injury (Other Visible),Vehicle/Pedestrian,Pedestrian,Crossing in Crosswalk at Intersection,Dry,No Unusual Condition,Daylight,Intersection <= 20ft,0.0,1,1.0,Pedestrian,West,Proceeding Straight,Driver,South,Making Right Turn,POINT (-122.393616 37.783077),31.0,1.0,10.0,8.0,10
18350,vw_geo_sfpd_cr_switrs_all_types_col_cty_union.fid-c18a0c2_186644fdb18_-14c1,21380,25941000.0,6323000.0,160340807,37.7796504371623,-122.423536626051,SFPD-CROSSROADS,CITY STREET,04/26/2016 07:15:00 AM,2016 April 26,07:15:00,2016,April,Tuesday,GOUGH ST,MCALLISTER ST,9.0,Clear,Injury (Other Visible),Vehicle/Pedestrian,Pedestrian,Crossing in Crosswalk at Intersection,Dry,No Unusual Condition,Daylight,Intersection <= 20ft,0.0,1,1.0,Pedestrian,East,Proceeding Straight,Driver,South,Making Right Turn,POINT (-122.42354 37.77965),97.0,4.0,11.0,39.0,07
18354,vw_geo_sfpd_cr_switrs_all_types_col_cty_union.fid-c18a0c2_186644fdb18_-1971,46314,27862000.0,,190233363,37.771982947,-122.497046822,SFPD-INTERIM DB,CITY STREET,04/02/2019 09:03:00 PM,2019 April 02,21:03:00,2019,April,Tuesday,FULTON ST,37TH AVE,0.0,Raining,Injury (Severe),Vehicle/Pedestrian,Pedestrian,Crossing Not in Crosswalk,Wet,No Unusual Condition,Dark - Street Lights,Intersection <= 20ft,0.0,1,1.0,Pedestrian,South,Proceeding Straight,Driver,West,Proceeding Straight,POINT (-122.49705 37.771984),8.0,8.0,4.0,29.0,21
18356,vw_geo_sfpd_cr_switrs_all_types_col_cty_union.fid-c18a0c2_186644fdb18_-1e3b,1889,22088000.0,6134201.0,180965407,37.7188685537,-122.443686772,SFPD-INTERIM DB,CITY STREET,12/23/2018 05:29:00 PM,2018 December 23,17:29:00,2018,December,Sunday,GENEVA AVE,CAYUGA AVE,22.0,Raining,Injury (Complaint of Pain),Vehicle/Pedestrian,Pedestrian,Crossing in Crosswalk at Intersection,Wet,No Unusual Condition,Dark - Street Lights,Midblock > 20ft,0.0,1,1.0,Driver,West,Making Left Turn,Pedestrian,South,Proceeding Straight,POINT (-122.44369 37.71887),80.0,9.0,1.0,28.0,17
18360,vw_geo_sfpd_cr_switrs_all_types_col_cty_union.fid-c18a0c2_186644fdb18_-1dc7,46399,20692000.0,9792000.0,190005811,37.7381057153,-122.396509293,SFPD-INTERIM DB,CITY STREET,01/03/2019 06:56:00 AM,2019 January 03,06:56:00,2019,January,Thursday,OAKDALE AVE,QUINT ST,201.0,Clear,Injury (Complaint of Pain),Vehicle/Pedestrian,Pedestrian,"In Road, Including Shoulder",Dry,No Unusual Condition,Daylight,Midblock > 20ft,0.0,1,1.0,Driver,West,Proceeding Straight,Pedestrian,East,Not Stated,POINT (-122.39651 37.738106),87.0,2.0,9.0,1.0,06
18361,vw_geo_sfpd_cr_switrs_all_types_col_cty_union.fid-c18a0c2_186644fdb18_-1ea2,35229,26720000.0,,160619652,37.801653915145,-122.42966684522,SFPD-CROSSROADS,CITY STREET,08/01/2016 04:05:00 PM,2016 August 01,16:05:00,2016,August,Monday,CHESTNUT ST,OCTAVIA ST,0.0,Clear,Injury (Other Visible),Vehicle/Pedestrian,Pedestrian,Crossing in Crosswalk at Intersection,Dry,No Unusual Condition,Daylight,Intersection <= 20ft,0.0,1,1.0,Driver,West,Proceeding Straight,Pedestrian,North,Proceeding Straight,POINT (-122.429665 37.801655),17.0,4.0,6.0,13.0,16
18368,vw_geo_sfpd_cr_switrs_all_types_col_cty_union.fid-c18a0c2_186644fdb18_-1e1b,41605,27784000.0,1871000.0,180976181,37.758936994,-122.498296659,SFPD-INTERIM DB,CITY STREET,12/28/2018 11:00:00 AM,2018 December 28,11:00:00,2018,December,Friday,39TH AVE,KIRKHAM ST,18.0,Clear,Injury (Other Visible),Vehicle/Pedestrian,Pedestrian,Crossing in Crosswalk at Intersection,Dry,No Unusual Condition,Daylight,Intersection <= 20ft,0.0,1,1.0,Driver,South,Proceeding Straight,Pedestrian,West,Proceeding Straight,POINT (-122.4983 37.758938),39.0,10.0,7.0,35.0,11
18372,vw_geo_sfpd_cr_switrs_all_types_col_cty_union.fid-c18a0c2_186644fdb18_-fd4,23893,24590000.0,7038000.0,130581423,37.7850096686404,-122.400494556007,SFPD-CROSSROADS,CITY STREET,07/15/2013 11:30:00 AM,2013 July 15,11:30:00,2013,July,Monday,HOWARD ST,03RD ST,10.0,Cloudy,Injury (Other Visible),Vehicle/Pedestrian,Pedestrian,Crossing in Crosswalk at Intersection,Dry,No Unusual Condition,Daylight,Intersection <= 20ft,0.0,1,1.0,Driver,North,Making Left Turn,Pedestrian,North,Proceeding Straight,POINT (-122.4005 37.78501),32.0,1.0,10.0,8.0,11
18374,vw_geo_sfpd_cr_switrs_all_types_col_cty_union.fid-c18a0c2_186644fdb18_-1e8f,51967,30766000.0,,180940255,37.8066577333,-122.420559965,SFPD-INTERIM DB,CITY STREET,12/13/2018 07:57:00 PM,2018 December 13,19:57:00,2018,December,Thursday,HYDE ST,BEACH ST,0.0,Clear,Injury (Complaint of Pain),Vehicle/Pedestrian,Pedestrian,Crossing in Crosswalk at Intersection,Dry,No Unusual Condition,Dark - Street Lights,Intersection <= 20ft,0.0,1,1.0,Driver,West,Proceeding Straight,Pedestrian,South,Proceeding Straight,POINT (-122.42056 37.806656),98.0,6.0,6.0,32.0,19
18381,vw_geo_sfpd_cr_switrs_all_types_col_cty_union.fid-c18a0c2_186644fdb18_-f3a,24200,24922000.0,8749101.0,140025386,37.7822961264953,-122.410136279271,SFPD-CROSSROADS,CITY STREET,01/09/2014 04:37:00 PM,2014 January 09,16:37:00,2014,January,Thursday,MARKET ST,TAYLOR ST,49.0,Clear,Injury (Complaint of Pain),Vehicle/Pedestrian,Pedestrian,Crossing Not in Crosswalk,Dry,No Unusual Condition,Daylight,Midblock > 20ft,0.0,1,1.0,Pedestrian,North,Proceeding Straight,Driver,West,Proceeding Straight,POINT (-122.41013 37.782295),32.0,5.0,10.0,34.0,16
18386,vw_geo_sfpd_cr_switrs_all_types_col_cty_union.fid-c18a0c2_186644fdb18_-ae6,50389,26505000.0,,190900023,37.7857844887,-122.428148188,SFPD-INTERIM DB,CITY STREET,11/28/2019 07:17:00 PM,2019 November 28,19:17:00,2019,November,Thursday,LAGUNA ST,POST ST,0.0,Clear,Injury (Severe),Broadside,Pedestrian,Crossing in Crosswalk at Intersection,Dry,No Unusual Condition,Dark - Street Lights,Intersection <= 20ft,0.0,1,1.0,Driver,East,Other,Pedestrian,North,Proceeding Straight,POINT (-122.42815 37.785786),101.0,4.0,11.0,15.0,19
18389,vw_geo_sfpd_cr_switrs_all_types_col_cty_union.fid-c18a0c2_186644fdb18_-17f5,47586,30729000.000000004,,190310983,37.7924055215,-122.397383446,SFPD-INTERIM DB,CITY STREET,05/01/2019 06:30:00 PM,2019 May 01,18:30:00,2019,May,Wednesday,PINE ST,DAVIS ST,0.0,Clear,Injury (Complaint of Pain),Vehicle/Pedestrian,Pedestrian,Crossing in Crosswalk at Intersection,Dry,No Unusual Condition,Daylight,Intersection <= 20ft,0.0,1,1.0,Driver,West,Making Right Turn,Pedestrian,South,Proceeding Straight,POINT (-122.397385 37.792404),108.0,6.0,10.0,8.0,18
18395,vw_geo_sfpd_cr_switrs_all_types_col_cty_union.fid-c18a0c2_186644fdb18_-b98,25920,24895000.0,5171000.0,140403594,37.7853486485777,-122.408979295673,SFPD-CROSSROADS,CITY STREET,05/14/2014 12:21:00 PM,2014 May 14,12:21:00,2014,May,Wednesday,ELLIS ST,CYRIL MAGNIN ST,91.0,Clear,Injury (Other Visible),Vehicle/Pedestrian,Pedestrian,Crossing Not in Crosswalk,Dry,No Unusual Condition,Daylight,Midblock > 20ft,0.0,1,1.0,Pedestrian,South,Other,Driver,East,Backing,POINT (-122.40898 37.785347),19.0,5.0,3.0,36.0,12
18398,vw_geo_sfpd_cr_switrs_all_types_col_cty_union.fid-c18a0c2_186644fdb18_-1125,48140,21043000.0,,190657365,37.7346384652,-122.411826089,SFPD-INTERIM DB,CITY STREET,09/03/2019 08:37:00 PM,2019 September 03,20:37:00,2019,September,Tuesday,CRESCENT AVE,NEVADA ST,0.0,Clear,Injury (Complaint of Pain),Vehicle/Pedestrian,Pedestrian,Crossing in Crosswalk at Intersection,Dry,No Unusual Condition,Dark - Street Lights,Intersection <= 20ft,0.0,1,1.0,Driver,East,Making Left Turn,Pedestrian,North,Proceeding Straight,POINT (-122.41183 37.73464),83.0,9.0,2.0,2.0,20
18412,vw_geo_sfpd_cr_switrs_all_types_col_cty_union.fid-c18a0c2_186644fdb18_-a63,26463,25156000.0,7122000.0,150959361,37.7872641033172,-122.416642514407,SFPD-CROSSROADS,CITY STREET,11/03/2015 05:39:00 AM,2015 November 03,05:39:00,2015,November,Tuesday,HYDE ST,POST ST,7.0,Clear,Fatal,Vehicle/Pedestrian,Pedestrian,Crossing in Crosswalk at Intersection,Dry,No Unusual Condition,Dark - Street Lights,Intersection <= 20ft,1.0,0,,Pedestrian,West,Not Stated,Driver,South,Proceeding Straight,POINT (-122.41664 37.787266),50.0,6.0,3.0,21.0,05
18419,vw_geo_sfpd_cr_switrs_all_types_col_cty_union.fid-c18a0c2_186644fdb18_-fea,48160,24459000.0,,190702700,37.7782510171,-122.419883231,SFPD-INTERIM DB,CITY STREET,09/20/2019 09:21:00 PM,2019 September 20,21:21:00,2019,September,Friday,VAN NESS AVE,GROVE ST,0.0,Clear,Injury (Complaint of Pain),Hit Object,Pedestrian,Crossing in Crosswalk at Intersection,Dry,No Unusual Condition,Dark - Street Lights,Intersection <= 20ft,0.0,1,1.0,Pedestrian,North,Proceeding Straight,Driver,West,Proceeding Straight,POINT (-122.41988 37.77825),21.0,4.0,10.0,36.0,21
18425,vw_geo_sfpd_cr_switrs_all_types_col_cty_union.fid-c18a0c2_186644fdb18_-b1c,49842,23023000.0,,190891137,37.7216606043,-122.4719834,SFPD-INTERIM DB,CITY STREET,11/25/2019 07:29:00 AM,2019 November 25,07:29:00,2019,November,Monday,JUNIPERO SERRA BLVD,HOLLOWAY AVE,0.0,Clear,Injury (Complaint of Pain),Vehicle/Pedestrian,Pedestrian,Crossing in Crosswalk at Intersection,Dry,No Unusual Condition,Daylight,Intersection <= 20ft,0.0,1,1.0,Driver,North,Making Right Turn,Pedestrian,West,Proceeding Straight,POINT (-122.471985 37.72166),64.0,10.0,1.0,24.0,07
18430,vw_geo_sfpd_cr_switrs_all_types_col_cty_union.fid-c18a0c2_186644fdb18_-1870,48804,24333000.0,,190284952,37.780719177,-122.415315615,SFPD-INTERIM DB,CITY STREET,04/22/2019 05:45:00 AM,2019 April 22,05:45:00,2019,April,Monday,MCALLISTER ST,HYDE ST,0.0,Clear,Injury (Severe),Vehicle/Pedestrian,Pedestrian,Crossing in Crosswalk at Intersection,Dry,No Unusual Condition,Dark - Street Lights,Intersection <= 20ft,0.0,1,1.0,Driver,South,Making Left Turn,Pedestrian,West,Proceeding Straight,POINT (-122.41531 37.78072),21.0,5.0,10.0,36.0,05
18451,vw_geo_sfpd_cr_switrs_all_types_col_cty_union.fid-c18a0c2_186644fdb18_-159c,42638,27456000.0,5924000.0,140816442,37.7729605477075,-122.475654233473,SFPD-CROSSROADS,CITY STREET,09/27/2014 05:42:00 PM,2014 September 27,17:42:00,2014,September,Saturday,FULTON ST,17TH AVE,12.0,Clear,Injury (Complaint of Pain),Vehicle/Pedestrian,Pedestrian,Crossing in Crosswalk at Intersection,Dry,No Unusual Condition,Daylight,Intersection <= 20ft,0.0,1,1.0,Driver,West,Proceeding Straight,Pedestrian,South,Proceeding Straight,POINT (-122.475655 37.77296),9.0,8.0,4.0,12.0,17
18453,vw_geo_sfpd_cr_switrs_all_types_col_cty_union.fid-c18a0c2_186644fdb18_-9cc,36642,33477000.0,3240102.0,150087809,37.7126812210434,-122.471751028501,SFPD-CROSSROADS,CITY STREET,01/29/2015 08:10:00 AM,2015 January 29,08:10:00,2015,January,Thursday,BROTHERHOOD WAY,THOMAS MORE WAY,137.0,Clear,Injury (Severe),Vehicle/Pedestrian,Pedestrian,Crossing in Crosswalk Not at Intersection,Dry,No Unusual Condition,Daylight,Midblock > 20ft,0.0,1,1.0,Driver,East,Proceeding Straight,Pedestrian,West,Not Stated,POINT (-122.47175 37.71268),43.0,10.0,8.0,16.0,08
18456,vw_geo_sfpd_cr_switrs_all_types_col_cty_union.fid-c18a0c2_186644fdb18_-15cf,47481,27536000.0,,190420366,37.7782143062,-122.483525398,SFPD-INTERIM DB,CITY STREET,06/11/2019 04:37:00 PM,2019 June 11,16:37:00,2019,June,Tuesday,24TH AVE,ANZA ST,0.0,Clear,Injury (Other Visible),Vehicle/Pedestrian,Pedestrian,Crossing Not in Crosswalk,Dry,No Unusual Condition,Daylight,Intersection <= 20ft,0.0,1,1.0,Pedestrian,North,Not Stated,Driver,West,Proceeding Straight,POINT (-122.48353 37.778214),8.0,8.0,4.0,29.0,16
18463,vw_geo_sfpd_cr_switrs_all_types_col_cty_union.fid-c18a0c2_186644fdb18_-185f,46295,27484000.0,,190288192,37.7825785378,-122.472451061,SFPD-INTERIM DB,CITY STREET,04/23/2019 08:19:00 AM,2019 April 23,08:19:00,2019,April,Tuesday,PARK PRESIDIO BLVD,CLEMENT ST,0.0,Clear,Injury (Complaint of Pain),Vehicle/Pedestrian,Pedestrian,Crossing in Crosswalk at Intersection,Dry,No Unusual Condition,Daylight,Intersection <= 20ft,0.0,1,1.0,Driver,South,Not Stated,Pedestrian,East,Proceeding Straight,POINT (-122.47245 37.782578),5.0,8.0,4.0,29.0,08
18475,vw_geo_sfpd_cr_switrs_all_types_col_cty_union.fid-c18a0c2_186644fdb18_-a8a,49380,20039000.0,9706000.0,190916989,37.7293467224,-122.372746933,SFPD-INTERIM DB,CITY STREET,12/05/2019 03:19:00 PM,2019 December 05,15:19:00,2019,December,Thursday,JERROLD AVE,EARL ST,58.0,Cloudy,Injury (Other Visible),Head-On,Pedestrian,"In Road, Including Shoulder",Dry,No Unusual Condition,Daylight,Midblock > 20ft,0.0,1,1.0,Driver,West,Proceeding Straight,Pedestrian,East,Other,POINT (-122.37275 37.729347),78.0,2.0,9.0,1.0,15
18480,vw_geo_sfpd_cr_switrs_all_types_col_cty_union.fid-c18a0c2_186644fdb18_-a0b,49959,26840000.0,,190930735,37.7853702645,-122.44642171,SFPD-INTERIM DB,CITY STREET,12/10/2019 09:00:00 PM,2019 December 10,21:00:00,2019,December,Tuesday,PRESIDIO AVE,BUSH ST,0.0,Cloudy,Injury (Other Visible),Broadside,Pedestrian,Crossing in Crosswalk at Intersection,Wet,No Unusual Condition,Dark - Street Lights,Intersection <= 20ft,0.0,1,1.0,Driver,East,Making Left Turn,Pedestrian,West,Proceeding Straight,POINT (-122.44642 37.78537),11.0,8.0,6.0,31.0,21
18484,vw_geo_sfpd_cr_switrs_all_types_col_cty_union.fid-c18a0c2_186644fdb18_-1058,48360,26166000.0,,190686546,37.7621865748,-122.44016828,SFPD-INTERIM DB,CITY STREET,09/14/2019 12:06:00 PM,2019 September 14,12:06:00,2019,September,Saturday,17TH ST,ORD ST,0.0,Clear,Injury (Complaint of Pain),Vehicle/Pedestrian,Pedestrian,Crossing in Crosswalk at Intersection,Dry,No Unusual Condition,Daylight,Intersection <= 20ft,0.0,1,1.0,Driver,East,Proceeding Straight,Pedestrian,South,Proceeding Straight,POINT (-122.44017 37.762188),113.0,7.0,5.0,5.0,12
18489,vw_geo_sfpd_cr_switrs_all_types_col_cty_union.fid-c18a0c2_186644fdb18_-194c,19243,26403000.0,,170986811,37.7670066807359,-122.448013160725,SFPD-CROSSROADS,CITY STREET,12/06/2017 10:00:00 AM,2017 December 06,10:00:00,2017,December,Wednesday,CLAYTON ST,FREDERICK ST,0.0,Clear,Injury (Complaint of Pain),Vehicle/Pedestrian,Pedestrian,Crossing in Crosswalk at Intersection,Dry,No Unusual Condition,Daylight,Intersection <= 20ft,0.0,1,1.0,Driver,South,Proceeding Straight,Pedestrian,West,Proceeding Straight,POINT (-122.44801 37.767006),114.0,7.0,11.0,3.0,10
18493,vw_geo_sfpd_cr_switrs_all_types_col_cty_union.fid-c18a0c2_186644fdb18_-eac,50257,50893000.0,2800102.0,190755276,37.7414231479,-122.406343506,SFPD-INTERIM DB,CITY STREET,10/07/2019 05:25:00 PM,2019 October 07,17:25:00,2019,October,Monday,BAY SHORE BLVD,FLOWER ST,436.0,Clear,Injury (Complaint of Pain),Vehicle/Pedestrian,Pedestrian,Crossing in Crosswalk at Intersection,Dry,No Unusual Condition,Daylight,Midblock > 20ft,0.0,1,1.0,Driver,South,Stopped,Pedestrian,East,Stopped,POINT (-122.40634 37.741425),82.0,2.0,9.0,1.0,17
18500,vw_geo_sfpd_cr_switrs_all_types_col_cty_union.fid-c18a0c2_186644fdb18_-1c55,46611,23323000.0,,190093678,37.7189555588,-122.500220954,SFPD-INTERIM DB,CITY STREET,02/06/2019 10:31:00 PM,2019 February 06,22:31:00,2019,February,Wednesday,SKYLINE BLVD,JOHN MUIR DR,0.0,Cloudy,Injury (Complaint of Pain),Vehicle/Pedestrian,Pedestrian,"In Road, Including Shoulder",Dry,No Unusual Condition,Dark - No Street Lights,Intersection <= 20ft,0.0,1,1.0,Pedestrian,West,Traveling Wrong Way,Driver,North,Proceeding Straight,POINT (-122.50022 37.718956),43.0,10.0,8.0,16.0,22
18501,vw_geo_sfpd_cr_switrs_all_types_col_cty_union.fid-c18a0c2_186644fdb18_-775,10513,25747000.0,,180799494,37.7546276663,-122.43217749,SFPD-INTERIM DB,CITY STREET,10/21/2018 03:40:00 PM,2018 October 21,15:40:00,2018,October,Sunday,22ND ST,NOE ST,0.0,Clear,Injury (Complaint of Pain),Vehicle/Pedestrian,Pedestrian,Crossing in Crosswalk at Intersection,Dry,No Unusual Condition,Daylight,Intersection <= 20ft,0.0,1,1.0,Driver,South,Making Left Turn,Pedestrian,East,Proceeding Straight,POINT (-122.432175 37.754627),52.0,3.0,5.0,22.0,15
18502,vw_geo_sfpd_cr_switrs_all_types_col_cty_union.fid-c18a0c2_186644fdb18_-1c3d,35458,26999000.0,11009101.0,130623229,37.7995620227766,-122.445964517933,SFPD-CROSSROADS,CITY STREET,07/29/2013 06:28:00 AM,2013 July 29,06:28:00,2013,July,Monday,RICHARDSON AVE,CHESTNUT ST,10.0,Clear,Injury (Complaint of Pain),Vehicle/Pedestrian,Pedestrian,Crossing in Crosswalk at Intersection,Dry,No Unusual Condition,Daylight,Intersection <= 20ft,0.0,1,1.0,Driver,North,Proceeding Straight,Pedestrian,West,Proceeding Straight,POINT (-122.44596 37.79956),14.0,4.0,6.0,13.0,06