,id,unique_id,cnn_intrsctn_fkey,cnn_sgmt_fkey,case_id_pkey,tb_latitude,tb_longitude,geocode_source,geocode_location,collision_datetime,collision_date,collision_time,accident_year,month,day_of_week,primary_rd,secondary_rd,distance,weather_1,collision_severity,type_of_collision,mviw,ped_action,road_surface,road_cond_1,lighting,intersection,number_killed,number_injured,party_at_fault,party1_type,party1_dir_of_travel,party1_move_pre_acc,party2_type,party2_dir_of_travel,party2_move_pre_acc,point,Neighborhoods,Current Police Districts,Current Supervisor Districts,Analysis Neighborhoods,hour
18507,vw_geo_sfpd_cr_switrs_all_types_col_cty_union.fid-c18a0c2_186644fdb18_-115b,47925,24106000.0,,190641904,37.7537030936,-122.420812136,SFPD-INTERIM DB,CITY STREET,08/29/2019 04:34:00 PM,2019 August 29,16:34:00,2019,August,Thursday,23RD ST,VALENCIA ST,0.0,Clear,Injury (Other Visible),Vehicle/Pedestrian,Pedestrian,Crossing in Crosswalk at Intersection,Dry,No Unusual Condition,Daylight,Intersection <= 20ft,0.0,1,1.0,Driver,South,Making Left Turn,Pedestrian,East,Proceeding Straight,POINT (-122.420815 37.753704),53.0,3.0,5.0,20.0,16
18511,vw_geo_sfpd_cr_switrs_all_types_col_cty_union.fid-c18a0c2_186644fdb18_-1b52,46748,22855000.0,13714201.0,190151044,37.7464361911,-122.456096787,SFPD-INTERIM DB,CITY STREET,03/01/2019 12:25:00 PM,2019 March 01,12:25:00,2019,March,Friday,WOODSIDE AVE,BALCETA AVE,75.0,Clear,Fatal,Vehicle/Pedestrian,Pedestrian,Crossing Not in Crosswalk,Dry,No Unusual Condition,Daylight,Midblock > 20ft,1.0,0,1.0,Pedestrian,South,Not Stated,Driver,West,Proceeding Straight,POINT (-122.4561 37.746437),49.0,7.0,8.0,41.0,12
18512,vw_geo_sfpd_cr_switrs_all_types_col_cty_union.fid-c18a0c2_186644fdb18_-10b4,23412,24519000.000000004,,170260900,37.7855421308337,-122.396705177197,SFPD-CROSSROADS,CITY STREET,03/30/2017 03:48:00 PM,2017 March 30,15:48:00,2017,March,Thursday,FOLSOM ST,02ND ST,0.0,Clear,Injury (Complaint of Pain),Vehicle/Pedestrian,Pedestrian,Crossing in Crosswalk at Intersection,Dry,No Unusual Condition,Daylight,Intersection <= 20ft,0.0,1,1.0,Pedestrian,North,Proceeding Straight,Driver,East,Proceeding Straight,POINT (-122.396706 37.78554),32.0,1.0,10.0,8.0,15
18523,vw_geo_sfpd_cr_switrs_all_types_col_cty_union.fid-c18a0c2_186644fdb18_-9cd,48796,21745000.0,9170000.0,190937753,37.7223595201,-122.436549066,SFPD-INTERIM DB,CITY STREET,12/13/2019 02:13:00 PM,2019 December 13,14:13:00,2019,December,Friday,MISSION ST,LEO ST,45.0,Cloudy,Injury (Complaint of Pain),Vehicle/Pedestrian,Pedestrian,Crossing Not in Crosswalk,Dry,No Unusual Condition,Daylight,Midblock > 20ft,0.0,1,1.0,Driver,North,Making U Turn,Pedestrian,North,Proceeding Straight,POINT (-122.43655 37.72236),90.0,9.0,1.0,28.0,14
18528,vw_geo_sfpd_cr_switrs_all_types_col_cty_union.fid-c18a0c2_186644fdb18_-1df2,33569,24795000.0,,180983493,37.7980169566,-122.40547307,SFPD-INTERIM DB,CITY STREET,12/30/2018 08:50:00 PM,2018 December 30,20:50:00,2018,December,Sunday,BROADWAY,KEARNY ST,0.0,Clear,Injury (Other Visible),Head-On,Pedestrian,Crossing in Crosswalk at Intersection,Dry,No Unusual Condition,Daylight,Intersection <= 20ft,0.0,1,1.0,Driver,West,Proceeding Straight,Pedestrian,North,Proceeding Straight,POINT (-122.40547 37.798016),106.0,6.0,3.0,23.0,20
18531,vw_geo_sfpd_cr_switrs_all_types_col_cty_union.fid-c18a0c2_186644fdb18_-183f,47313,22539000.0,,190293185,37.7142662487,-122.467996138,SFPD-INTERIM DB,CITY STREET,04/24/2019 09:02:00 PM,2019 April 24,21:02:00,2019,April,Wednesday,RANDOLPH ST,VERNON ST,0.0,Clear,Injury (Complaint of Pain),Vehicle/Pedestrian,Pedestrian,Crossing Not in Crosswalk,Dry,No Unusual Condition,Dark - Street Lights,Intersection <= 20ft,0.0,1,1.0,Pedestrian,North,Other,Driver,East,Proceeding Straight,POINT (-122.467995 37.714268),65.0,10.0,1.0,24.0,21
18534,vw_geo_sfpd_cr_switrs_all_types_col_cty_union.fid-c18a0c2_186644fdb18_-1518,47567,25595000.0,2842000.0,190454973,37.8071076052,-122.416976916,SFPD-INTERIM DB,CITY STREET,06/23/2019 10:15:00 PM,2019 June 23,22:15:00,2019,June,Sunday,BEACH ST,JONES ST,83.0,Clear,Injury (Complaint of Pain),Vehicle/Pedestrian,Pedestrian,Not in Road,Dry,No Unusual Condition,Dark - Street Lights,Midblock > 20ft,0.0,1,1.0,Driver,West,Xing into Opposing Lane,Pedestrian,East,Other,POINT (-122.41698 37.807106),99.0,6.0,3.0,23.0,22
18539,vw_geo_sfpd_cr_switrs_all_types_col_cty_union.fid-c18a0c2_186644fdb18_-1d82,47644,27498000.0,905000.0,190027683,37.7787447806,-122.478186911,SFPD-INTERIM DB,CITY STREET,01/11/2019 07:58:00 PM,2019 January 11,19:58:00,2019,January,Friday,19TH AVE,ANZA ST,105.0,Clear,Injury (Complaint of Pain),Vehicle/Pedestrian,Pedestrian,Crossing Not in Crosswalk,Dry,No Unusual Condition,Dark - Street Lights,Midblock > 20ft,0.0,1,1.0,Pedestrian,East,Stopped,Driver,South,Proceeding Straight,POINT (-122.47819 37.778744),8.0,8.0,4.0,29.0,19
18549,vw_geo_sfpd_cr_switrs_all_types_col_cty_union.fid-c18a0c2_186644fdb18_-1547,42935,27205000.0,6288000.0,140984152,37.7768257240486,-122.456740273856,SFPD-CROSSROADS,CITY STREET,11/20/2014 05:47:00 PM,2014 November 20,17:47:00,2014,November,Thursday,ARGUELLO BLVD,ANZA ST,2.0,Raining,Injury (Complaint of Pain),Vehicle/Pedestrian,Pedestrian,Crossing in Crosswalk at Intersection,Wet,No Unusual Condition,Dark - Street Lights,Intersection <= 20ft,0.0,1,1.0,Driver,North,Making Left Turn,Pedestrian,East,Not Stated,POINT (-122.45674 37.776825),12.0,8.0,4.0,18.0,17
18554,vw_geo_sfpd_cr_switrs_all_types_col_cty_union.fid-c18a0c2_186644fdb18_-991,50431,21805000.0,,190943142,37.7298893135,-122.434676738,SFPD-INTERIM DB,CITY STREET,12/15/2019 08:00:00 PM,2019 December 15,20:00:00,2019,December,Sunday,CAYUGA AVE,TINGLEY ST,0.0,Clear,Injury (Complaint of Pain),Vehicle/Pedestrian,Pedestrian,Crossing in Crosswalk at Intersection,Dry,No Unusual Condition,Dark - Street Lights,Intersection <= 20ft,0.0,1,1.0,Driver,East,Making Left Turn,Pedestrian,North,Proceeding Straight,POINT (-122.43468 37.72989),94.0,9.0,1.0,28.0,20
18556,vw_geo_sfpd_cr_switrs_all_types_col_cty_union.fid-c18a0c2_186644fdb18_-c1d,50513,24819000.0,,190845247,37.8040722498,-122.401973427,SFPD-INTERIM DB,CITY STREET,11/08/2019 08:13:00 AM,2019 November 08,08:13:00,2019,November,Friday,THE EMBARCADERO,LOMBARD ST,0.0,Clear,Injury (Other Visible),Broadside,Pedestrian,Crossing in Crosswalk at Intersection,Dry,No Unusual Condition,Daylight,Intersection <= 20ft,0.0,1,,Bicyclist,North,Proceeding Straight,Pedestrian,East,Entering Traffic,POINT (-122.40197 37.804073),77.0,6.0,3.0,8.0,08
18560,vw_geo_sfpd_cr_switrs_all_types_col_cty_union.fid-c18a0c2_186644fdb18_-19c5,19025,26025000.0,6610000.0,140089467,37.7715579439667,-122.434757376545,SFPD-CROSSROADS,CITY STREET,01/30/2014 04:35:00 PM,2014 January 30,16:35:00,2014,January,Thursday,HAIGHT ST,SCOTT ST,180.0,Clear,Injury (Other Visible),Vehicle/Pedestrian,Pedestrian,Not in Road,Dry,No Unusual Condition,Daylight,Midblock > 20ft,0.0,2,1.0,Bicyclist,East,Ran Off Road,Pedestrian,West,Not Stated,POINT (-122.43476 37.771557),26.0,4.0,11.0,3.0,16
18562,vw_geo_sfpd_cr_switrs_all_types_col_cty_union.fid-c18a0c2_186644fdb18_-1d3d,17022,30741000.0,8750101.0,140724469,37.7808225497658,-122.412006661887,SFPD-CROSSROADS,CITY STREET,08/28/2014 04:15:00 PM,2014 August 28,16:15:00,2014,August,Thursday,MARKET ST,07TH ST,192.0,Clear,Injury (Other Visible),Vehicle/Pedestrian,Pedestrian,Crossing Not in Crosswalk,Dry,No Unusual Condition,Daylight,Midblock > 20ft,0.0,1,,Pedestrian,North,Proceeding Straight,Bicyclist,East,Other,POINT (-122.41201 37.780823),32.0,5.0,10.0,34.0,16
18564,vw_geo_sfpd_cr_switrs_all_types_col_cty_union.fid-c18a0c2_186644fdb18_-12d5,22471,26379000.0,8849000.0,151082975,37.7754054999662,-122.446391160903,SFPD-CROSSROADS,CITY STREET,12/15/2015 05:33:00 PM,2015 December 15,17:33:00,2015,December,Tuesday,MASONIC AVE,FULTON ST,146.0,Clear,Injury (Severe),Vehicle/Pedestrian,Pedestrian,Crossing Not in Crosswalk,Dry,No Unusual Condition,Dusk - Dawn,Midblock > 20ft,0.0,1,1.0,Pedestrian,West,Not Stated,Driver,South,Proceeding Straight,POINT (-122.44639 37.775406),24.0,7.0,11.0,18.0,17
18591,vw_geo_sfpd_cr_switrs_all_types_col_cty_union.fid-c18a0c2_186644fdb18_-c4e,50336,26952000.0,13446000.0,190835555,37.7899403944,-122.44733375,SFPD-INTERIM DB,CITY STREET,11/04/2019 04:07:00 PM,2019 November 04,16:07:00,2019,November,Monday,WASHINGTON ST,PRESIDIO AVE,1.0,Cloudy,Injury (Other Visible),Vehicle/Pedestrian,Pedestrian,Not in Road,Dry,No Unusual Condition,Daylight,Intersection <= 20ft,0.0,1,1.0,Driver,East,Making Right Turn,Pedestrian,East,Not Stated,POINT (-122.447334 37.78994),10.0,8.0,6.0,31.0,16
18601,vw_geo_sfpd_cr_switrs_all_types_col_cty_union.fid-c18a0c2_186644fdb18_-190c,40419,27143000.0,,140824423,37.7622688488029,-122.464042005156,SFPD-CROSSROADS,CITY STREET,09/30/2014 02:27:00 PM,2014 September 30,14:27:00,2014,September,Tuesday,07TH AVE,JUDAH ST,0.0,Clear,Injury (Other Visible),Vehicle/Pedestrian,Pedestrian,Crossing in Crosswalk at Intersection,Dry,No Unusual Condition,Daylight,Intersection <= 20ft,0.0,1,1.0,Driver,South,Making Left Turn,Pedestrian,East,Proceeding Straight,POINT (-122.46404 37.762268),109.0,7.0,11.0,14.0,14
18609,vw_geo_sfpd_cr_switrs_all_types_col_cty_union.fid-c18a0c2_186644fdb18_-1634,47115,25525000.000000004,5763000.0,190403174,37.8043602274,-122.416017207,SFPD-INTERIM DB,CITY STREET,06/05/2019 03:30:00 AM,2019 June 05,03:30:00,2019,June,Wednesday,FRANCISCO ST,COLUMBUS AVE,10.0,Clear,Injury (Complaint of Pain),Vehicle/Pedestrian,Pedestrian,"In Road, Including Shoulder",Dry,No Unusual Condition,Dark - Street Lights,Intersection <= 20ft,0.0,1,1.0,Pedestrian,West,Proceeding Straight,Driver,East,Proceeding Straight,POINT (-122.416016 37.80436),106.0,6.0,3.0,23.0,03
18610,vw_geo_sfpd_cr_switrs_all_types_col_cty_union.fid-c18a0c2_186644fdb18_-ef7,48786,25818000.0,,190740982,37.7607581077,-122.437190627,SFPD-INTERIM DB,CITY STREET,10/02/2019 07:26:00 PM,2019 October 02,19:26:00,2019,October,Wednesday,DIAMOND ST,18TH ST,0.0,Clear,Injury (Complaint of Pain),Vehicle/Pedestrian,Pedestrian,Crossing in Crosswalk at Intersection,Dry,No Unusual Condition,Dark - Street Lights,Intersection <= 20ft,0.0,1,1.0,Driver,South,Proceeding Straight,Pedestrian,West,Proceeding Straight,POINT (-122.43719 37.760757),38.0,3.0,5.0,5.0,19
18614,vw_geo_sfpd_cr_switrs_all_types_col_cty_union.fid-c18a0c2_186644fdb18_-1cfd,46520,22618000.0,,190058296,37.7236372162,-122.462273545,SFPD-INTERIM DB,CITY STREET,01/24/2019 08:21:00 AM,2019 January 24,08:21:00,2019,January,Thursday,ASHTON AVE,DE MONTFORT AVE,0.0,Clear,Injury (Other Visible),Vehicle/Pedestrian,Pedestrian,Crossing in Crosswalk at Intersection,Dry,No Unusual Condition,Daylight,Intersection <= 20ft,0.0,2,1.0,Driver,North,Making Right Turn,Pedestrian,West,Proceeding Straight,POINT (-122.46227 37.723637),67.0,10.0,8.0,24.0,08
18628,vw_geo_sfpd_cr_switrs_all_types_col_cty_union.fid-c18a0c2_186644fdb18_-d73,48826,23604000.0,12550102.0,190795119,37.7895734669,-122.388505398,SFPD-INTERIM DB,CITY STREET,10/21/2019 05:38:00 PM,2019 October 21,17:38:00,2019,October,Monday,THE EMBARCADERO,HARRISON ST,7.0,Clear,Injury (Complaint of Pain),Head-On,Pedestrian,Crossing in Crosswalk at Intersection,Dry,No Unusual Condition,Dusk - Dawn,Intersection <= 20ft,0.0,1,1.0,Driver,West,Making Right Turn,Pedestrian,North,Proceeding Straight,POINT (-122.388504 37.789574),30.0,1.0,10.0,8.0,17
18631,vw_geo_sfpd_cr_switrs_all_types_col_cty_union.fid-c18a0c2_186644fdb18_-1252,48256,24590000.0,167000.0,190598747,37.7850399338,-122.40048082,SFPD-INTERIM DB,CITY STREET,08/14/2019 08:30:00 PM,2019 August 14,20:30:00,2019,August,Wednesday,03RD ST,HOWARD ST,5.0,Clear,Injury (Complaint of Pain),Vehicle/Pedestrian,Pedestrian,Crossing in Crosswalk at Intersection,Dry,No Unusual Condition,Dusk - Dawn,Intersection <= 20ft,0.0,1,,Driver,North,Making Right Turn,Pedestrian,West,Entering Traffic,POINT (-122.40048 37.78504),32.0,1.0,10.0,8.0,20
18632,vw_geo_sfpd_cr_switrs_all_types_col_cty_union.fid-c18a0c2_186644fdb18_-f2b,48440,25797000.0,11512000.0,190732519,37.7639628278,-122.430842771,SFPD-INTERIM DB,CITY STREET,09/30/2019 08:06:00 AM,2019 September 30,08:06:00,2019,September,Monday,SANCHEZ ST,16TH ST,150.0,Clear,Injury (Other Visible),Vehicle/Pedestrian,Pedestrian,"In Road, Including Shoulder",Dry,No Unusual Condition,Daylight,Midblock > 20ft,0.0,1,1.0,Pedestrian,East,Other,Driver,South,Proceeding Straight,POINT (-122.43084 37.76396),37.0,3.0,5.0,5.0,08
18641,vw_geo_sfpd_cr_switrs_all_types_col_cty_union.fid-c18a0c2_186644fdb18_-178a,47544,20132000.0,10042000.0,190336246,37.7314996195,-122.382559142,SFPD-INTERIM DB,CITY STREET,05/10/2019 09:37:00 PM,2019 May 10,21:37:00,2019,May,Friday,OSCEOLA LN,LA SALLE AVE,195.0,Clear,Injury (Other Visible),Vehicle/Pedestrian,Pedestrian,Crossing Not in Crosswalk,Dry,No Unusual Condition,Dark - Street Lights,Midblock > 20ft,0.0,1,1.0,Pedestrian,South,Other,Driver,West,Proceeding Straight,POINT (-122.38256 37.7315),86.0,2.0,9.0,1.0,21
18642,vw_geo_sfpd_cr_switrs_all_types_col_cty_union.fid-c18a0c2_186644fdb18_-1260,48251,21213000.0,,190595226,37.7390616991,-122.416519599,SFPD-INTERIM DB,CITY STREET,08/13/2019 07:23:00 PM,2019 August 13,19:23:00,2019,August,Tuesday,CORTLAND AVE,ANDOVER ST,0.0,Clear,Injury (Complaint of Pain),Vehicle/Pedestrian,Pedestrian,Crossing in Crosswalk at Intersection,Dry,No Unusual Condition,Daylight,Intersection <= 20ft,0.0,1,,Driver,West,Stopped,Pedestrian,North,Other,POINT (-122.41652 37.739063),83.0,9.0,2.0,2.0,19
18643,vw_geo_sfpd_cr_switrs_all_types_col_cty_union.fid-c18a0c2_186644fdb18_-8dc,50450,21751000.0,9172101.0,190968974,37.7207594834,-122.43772641,SFPD-INTERIM DB,CITY STREET,12/26/2019 12:23:00 PM,2019 December 26,12:23:00,2019,December,Thursday,MISSION ST,ONONDAGA AVE,168.0,Clear,Injury (Severe),Vehicle/Pedestrian,Pedestrian,Crossing Not in Crosswalk,Dry,No Unusual Condition,Daylight,Midblock > 20ft,0.0,1,1.0,Pedestrian,East,Entering Traffic,Driver,South,Entering Traffic,POINT (-122.43773 37.72076),90.0,9.0,1.0,7.0,12
18644,vw_geo_sfpd_cr_switrs_all_types_col_cty_union.fid-c18a0c2_186644fdb18_-b49,48641,20618000.0,3740000.0,190883582,37.7291954599,-122.400805928,SFPD-INTERIM DB,CITY STREET,11/22/2019 06:20:00 AM,2019 November 22,06:20:00,2019,November,Friday,CARROLL AVE,PHELPS ST,10.0,Clear,Injury (Other Visible),Vehicle/Pedestrian,Pedestrian,Crossing in Crosswalk at Intersection,Dry,No Unusual Condition,Dusk - Dawn,Intersection <= 20ft,0.0,1,1.0,Driver,West,Making Right Turn,Pedestrian,North,Not Stated,POINT (-122.4008 37.729195),86.0,2.0,9.0,1.0,06
18647,vw_geo_sfpd_cr_switrs_all_types_col_cty_union.fid-c18a0c2_186644fdb18_-e7e,49900,20807000.000000004,,190761790,37.7459538569,-122.402026703,SFPD-INTERIM DB,CITY STREET,10/09/2019 08:49:00 PM,2019 October 09,20:49:00,2019,October,Wednesday,JERROLD AVE,NAPOLEON ST,0.0,Clear,Injury (Complaint of Pain),Vehicle/Pedestrian,Pedestrian,Crossing Not in Crosswalk,Dry,No Unusual Condition,Dark - Street Lights,Intersection <= 20ft,0.0,1,1.0,Pedestrian,South,Proceeding Straight,Driver,East,Proceeding Straight,POINT (-122.40202 37.745953),85.0,2.0,9.0,1.0,20
18655,vw_geo_sfpd_cr_switrs_all_types_col_cty_union.fid-c18a0c2_186644fdb18_-1e8a,51968,26500000.0,3550000.0,180941560,37.7902255717,-122.423462721,SFPD-INTERIM DB,CITY STREET,12/14/2018 02:00:00 PM,2018 December 14,14:00:00,2018,December,Friday,CALIFORNIA ST,FRANKLIN ST,150.0,Clear,Injury (Complaint of Pain),Vehicle/Pedestrian,Pedestrian,Not in Road,Dry,No Unusual Condition,Daylight,Midblock > 20ft,0.0,1,,Pedestrian,East,Other,Driver,West,Stopped,POINT (-122.42346 37.790226),102.0,4.0,6.0,30.0,14
18676,vw_geo_sfpd_cr_switrs_all_types_col_cty_union.fid-c18a0c2_186644fdb18_-de2,49780,25867000.0,,190780784,37.7727343122,-122.425512056,SFPD-INTERIM DB,CITY STREET,10/13/2019 10:55:00 AM,2019 October 13,10:55:00,2019,October,Sunday,HAIGHT ST,LAGUNA ST,0.0,Clear,Injury (Complaint of Pain),Vehicle/Pedestrian,Pedestrian,Crossing in Crosswalk at Intersection,Dry,No Unusual Condition,Daylight,Intersection <= 20ft,0.0,1,1.0,Driver,East,Making Left Turn,Pedestrian,North,Proceeding Straight,POINT (-122.425514 37.772736),26.0,4.0,11.0,9.0,10
18679,vw_geo_sfpd_cr_switrs_all_types_col_cty_union.fid-c18a0c2_186644fdb18_-faa,23976,24888000.0,289000.0,130563302,37.7835737541363,-122.407539393913,SFPD-CROSSROADS,CITY STREET,07/09/2013 11:10:00 AM,2013 July 09,11:10:00,2013,July,Tuesday,05TH ST,MARKET ST,215.0,Clear,Injury (Complaint of Pain),Vehicle/Pedestrian,Pedestrian,"In Road, Including Shoulder",Dry,No Unusual Condition,Daylight,Midblock > 20ft,0.0,1,1.0,Driver,South,Slowing/Stopping,Pedestrian,West,Slowing/Stopping,POINT (-122.40754 37.783573),32.0,5.0,10.0,34.0,11
18682,vw_geo_sfpd_cr_switrs_all_types_col_cty_union.fid-c18a0c2_186644fdb18_-185c,46370,24229000.0,516000.0,190288675,37.7703302398,-122.412099139,SFPD-INTERIM DB,CITY STREET,04/23/2019 10:50:00 AM,2019 April 23,10:50:00,2019,April,Tuesday,11TH ST,HARRISON ST,155.0,Clear,Injury (Other Visible),Sideswipe,Pedestrian,Crossing Not in Crosswalk,Dry,No Unusual Condition,Daylight,Midblock > 20ft,0.0,1,1.0,Pedestrian,East,Proceeding Straight,Driver,South,Proceeding Straight,POINT (-122.4121 37.77033),32.0,1.0,10.0,20.0,10
18690,vw_geo_sfpd_cr_switrs_all_types_col_cty_union.fid-c18a0c2_186644fdb18_-1b37,46760,21736000.0,9173101.0,190154010,37.7193421689,-122.438808105,SFPD-INTERIM DB,CITY STREET,03/02/2019 01:46:00 PM,2019 March 02,13:46:00,2019,March,Saturday,MISSION ST,FRANCE AVE,285.0,Cloudy,Injury (Complaint of Pain),Vehicle/Pedestrian,Pedestrian,"In Road, Including Shoulder",Wet,No Unusual Condition,Daylight,Midblock > 20ft,0.0,1,1.0,Pedestrian,South,Proceeding Straight,Driver,North,Making Left Turn,POINT (-122.438805 37.71934),90.0,9.0,1.0,7.0,13
18695,vw_geo_sfpd_cr_switrs_all_types_col_cty_union.fid-c18a0c2_186644fdb18_-1b21,38597,23366000.0,12289102.0,131029618,37.7346862059721,-122.493833168017,SFPD-CROSSROADS,CITY STREET,12/06/2013 04:45:00 PM,2013 December 06,16:45:00,2013,December,Friday,SUNSET BLVD,SLOAT BLVD,286.0,Raining,Fatal,Vehicle/Pedestrian,Pedestrian,Crossing in Crosswalk at Intersection,Wet,No Unusual Condition,Dusk - Dawn,Midblock > 20ft,1.0,0,1.0,Driver,South,Stopped In Road,Pedestrian,East,Stopped In Road,POINT (-122.493835 37.734688),40.0,10.0,7.0,35.0,16
18699,vw_geo_sfpd_cr_switrs_all_types_col_cty_union.fid-c18a0c2_186644fdb18_-1e5b,35512,26964000.0,10446000.0,170293365,37.8004325133017,-122.439500970259,SFPD-CROSSROADS,CITY STREET,04/10/2017 02:50:00 PM,2017 April 10,14:50:00,2017,April,Monday,PIERCE ST,CHESTNUT ST,11.0,Clear,Injury (Complaint of Pain),Head-On,Pedestrian,Crossing in Crosswalk at Intersection,Dry,No Unusual Condition,Daylight,Intersection <= 20ft,0.0,1,1.0,Driver,North,Making Right Turn,Pedestrian,West,Other,POINT (-122.4395 37.800434),17.0,4.0,6.0,13.0,14
18702,vw_geo_sfpd_cr_switrs_all_types_col_cty_union.fid-c18a0c2_186644fdb18_-f26,48178,26200000.0,,190732622,37.7617814137,-122.446783404,SFPD-INTERIM DB,CITY STREET,09/30/2019 08:47:00 AM,2019 September 30,08:47:00,2019,September,Monday,17TH ST,CLAYTON ST,0.0,Clear,Injury (Complaint of Pain),Vehicle/Pedestrian,Pedestrian,Crossing in Crosswalk at Intersection,Dry,No Unusual Condition,Daylight,Intersection <= 20ft,0.0,1,1.0,Driver,East,Proceeding Straight,Pedestrian,North,Proceeding Straight,POINT (-122.446785 37.76178),114.0,7.0,11.0,14.0,08
18703,vw_geo_sfpd_cr_switrs_all_types_col_cty_union.fid-c18a0c2_186644fdb18_-12e4,48228,24602000.0,9090000.0,190573987,37.7887334693,-122.39887805,SFPD-INTERIM DB,CITY STREET,08/06/2019 12:30:00 PM,2019 August 06,12:30:00,2019,August,Tuesday,MISSION ST,SHAW ALY,128.0,Clear,Injury (Other Visible),Vehicle/Pedestrian,Pedestrian,"In Road, Including Shoulder",Dry,No Unusual Condition,Daylight,Midblock > 20ft,0.0,1,1.0,Pedestrian,East,Other,Driver,East,Proceeding Straight,POINT (-122.39888 37.788734),108.0,1.0,10.0,8.0,12
18724,vw_geo_sfpd_cr_switrs_all_types_col_cty_union.fid-c18a0c2_186644fdb18_-192c,47234,24334000.0,,190248776,37.7818633399,-122.413865603,SFPD-INTERIM DB,CITY STREET,04/08/2019 12:54:00 PM,2019 April 08,12:54:00,2019,April,Monday,LEAVENWORTH ST,GOLDEN GATE AVE,0.0,Clear,Injury (Complaint of Pain),Vehicle/Pedestrian,Pedestrian,Crossing in Crosswalk at Intersection,Dry,No Unusual Condition,Daylight,Intersection <= 20ft,0.0,1,1.0,Driver,North,Making Left Turn,Pedestrian,West,Proceeding Straight,POINT (-122.413864 37.781864),20.0,5.0,10.0,36.0,12
18726,vw_geo_sfpd_cr_switrs_all_types_col_cty_union.fid-c18a0c2_186644fdb18_-e5e,49175,21234000.0,7003000.0,190764324,37.7361514113,-122.420063371,SFPD-INTERIM DB,CITY STREET,10/10/2019 05:08:00 PM,2019 October 10,17:08:00,2019,October,Thursday,HOLLY PARK CIR,MURRAY ST,21.0,Clear,Injury (Other Visible),Vehicle/Pedestrian,Pedestrian,Crossing in Crosswalk at Intersection,Dry,No Unusual Condition,Daylight,Midblock > 20ft,0.0,1,1.0,Driver,West,Proceeding Straight,Pedestrian,North,Proceeding Straight,POINT (-122.42007 37.736153),61.0,9.0,2.0,2.0,17
18743,vw_geo_sfpd_cr_switrs_all_types_col_cty_union.fid-c18a0c2_186644fdb18_-1064,27417,30732000.0,,140202998,37.7908053757667,-122.399504510879,SFPD-CROSSROADS,CITY STREET,03/09/2014 02:44:00 PM,2014 March 09,14:44:00,2014,March,Sunday,MARKET ST,BATTERY ST,0.0,Clear,Injury (Complaint of Pain),Vehicle/Pedestrian,Pedestrian,Crossing in Crosswalk at Intersection,Dry,"Holes, Deep Ruts",Daylight,Intersection <= 20ft,0.0,1,1.0,Pedestrian,West,Proceeding Straight,Driver,South,Proceeding Straight,POINT (-122.399506 37.790806),108.0,6.0,3.0,8.0,14
18751,vw_geo_sfpd_cr_switrs_all_types_col_cty_union.fid-c18a0c2_186644fdb18_-19da,46329,23798000.0,,190218951,37.7763329765,-122.394035065,SFPD-INTERIM DB,CITY STREET,03/28/2019 07:34:00 AM,2019 March 28,07:34:00,2019,March,Thursday,04TH ST,KING ST,0.0,Clear,Injury (Other Visible),Vehicle/Pedestrian,Pedestrian,"In Road, Including Shoulder",Dry,No Unusual Condition,Daylight,Intersection <= 20ft,0.0,1,1.0,Driver,South,Passing Other Vehicle,Pedestrian,East,Not Stated,POINT (-122.394035 37.776333),34.0,1.0,10.0,4.0,07
18753,vw_geo_sfpd_cr_switrs_all_types_col_cty_union.fid-c18a0c2_186644fdb18_-1e2a,23400,24519000.000000004,,180968229,37.785542131,-122.396705178,SFPD-INTERIM DB,CITY STREET,12/24/2018 10:33:00 PM,2018 December 24,22:33:00,2018,December,Monday,FOLSOM ST,02ND ST,0.0,Clear,Injury (Complaint of Pain),Vehicle/Pedestrian,Pedestrian,Crossing in Crosswalk at Intersection,Wet,No Unusual Condition,Dark - Street Lights,Intersection <= 20ft,0.0,1,1.0,Driver,North,Making Right Turn,Pedestrian,South,Other,POINT (-122.396706 37.78554),32.0,1.0,10.0,8.0,22
18759,vw_geo_sfpd_cr_switrs_all_types_col_cty_union.fid-c18a0c2_186644fdb18_-e1e,24708,30739000.0,,170809439,37.7839914868634,-122.408066547888,SFPD-CROSSROADS,CITY STREET,10/04/2017 12:00:00 PM,2017 October 04,12:00:00,2017,October,Wednesday,MARKET ST,05TH ST,0.0,Clear,Injury (Complaint of Pain),Vehicle/Pedestrian,Pedestrian,Crossing in Crosswalk at Intersection,Dry,No Unusual Condition,Daylight,Intersection <= 20ft,0.0,1,,Pedestrian,South,Not Stated,Driver,West,Stopped In Road,POINT (-122.408066 37.783993),19.0,5.0,10.0,34.0,12
18769,vw_geo_sfpd_cr_switrs_all_types_col_cty_union.fid-c18a0c2_186644fdb18_-aea,49373,33270000.0,2550000.0,190899868,37.7342874576,-122.405487684,SFPD-INTERIM DB,CITY STREET,11/28/2019 04:04:00 PM,2019 November 28,16:04:00,2019,November,Thursday,AUGUSTA ST,BAY SHORE BLVD,2.0,Clear,Injury (Complaint of Pain),Vehicle/Pedestrian,Pedestrian,Crossing in Crosswalk at Intersection,Dry,No Unusual Condition,Daylight,Intersection <= 20ft,0.0,1,1.0,Driver,West,Making Right Turn,Pedestrian,North,Proceeding Straight,POINT (-122.40549 37.734287),87.0,2.0,9.0,1.0,16