,id,unique_id,cnn_intrsctn_fkey,cnn_sgmt_fkey,case_id_pkey,tb_latitude,tb_longitude,geocode_source,geocode_location,collision_datetime,collision_date,collision_time,accident_year,month,day_of_week,primary_rd,secondary_rd,distance,weather_1,collision_severity,type_of_collision,mviw,ped_action,road_surface,road_cond_1,lighting,intersection,number_killed,number_injured,party_at_fault,party1_type,party1_dir_of_travel,party1_move_pre_acc,party2_type,party2_dir_of_travel,party2_move_pre_acc,point,Neighborhoods,Current Police Districts,Current Supervisor Districts,Analysis Neighborhoods,hour
19383,vw_geo_sfpd_cr_switrs_all_types_col_cty_union.fid-c18a0c2_186644fdb18_-4f2,37408,22223000.0,,130800643,37.7234570073183,-122.454115753319,SFPD-CROSSROADS,CITY STREET,09/23/2013 07:38:00 AM,2013 September 23,07:38:00,2013,September,Monday,OCEAN AVE,LEE AVE,0.0,Clear,Injury (Complaint of Pain),Vehicle/Pedestrian,Pedestrian,Crossing in Crosswalk at Intersection,Dry,No Unusual Condition,Daylight,Intersection <= 20ft,0.0,1,1.0,Pedestrian,South,Proceeding Straight,Driver,East,Proceeding Straight,POINT (-122.45412 37.723457),64.0,10.0,8.0,24.0,07
19387,vw_geo_sfpd_cr_switrs_all_types_col_cty_union.fid-c18a0c2_186644fdb18_4,53076,23908000.0,,200368347,37.7790321342,-122.401843274,SFPD-INTERIM DB,CITY STREET,06/19/2020 06:59:00 AM,2020 June 19,06:59:00,2020,June,Friday,HARRISON ST,I-80 W OFF RAMP,0.0,Clear,Injury (Complaint of Pain),Vehicle/Pedestrian,Pedestrian,Crossing in Crosswalk at Intersection,Dry,No Unusual Condition,Daylight,Intersection <= 20ft,0.0,1,1.0,Driver,West,Making Left Turn,Pedestrian,North,Proceeding Straight,POINT (-122.40184 37.779034),32.0,1.0,10.0,34.0,06
19390,vw_geo_sfpd_cr_switrs_all_types_col_cty_union.fid-c18a0c2_186644fdb18_6f2,17026,30741000.0,8750203.0,130535113,37.780943916222,-122.411995304272,SFPD-CROSSROADS,CITY STREET,06/29/2013 05:15:00 PM,2013 June 29,17:15:00,2013,June,Saturday,JONES ST,MARKET ST,12.0,Clear,Injury (Other Visible),Vehicle/Pedestrian,Pedestrian,Crossing in Crosswalk at Intersection,Dry,No Unusual Condition,Daylight,Intersection <= 20ft,0.0,1,1.0,Driver,South,Proceeding Straight,Pedestrian,West,Proceeding Straight,POINT (-122.411995 37.780945),20.0,5.0,10.0,36.0,17
19398,vw_geo_sfpd_cr_switrs_all_types_col_cty_union.fid-c18a0c2_186644fdb18_3bc,54148,25139000.0,,200678312,37.7846571415,-122.414430199,SFPD-INTERIM DB,CITY STREET,11/09/2020 09:10:00 PM,2020 November 09,21:10:00,2020,November,Monday,LEAVENWORTH ST,ELLIS ST,0.0,Clear,Injury (Other Visible),Vehicle/Pedestrian,Pedestrian,Crossing in Crosswalk at Intersection,Dry,No Unusual Condition,Dark - Street Lights,Intersection <= 20ft,0.0,1,1.0,Pedestrian,West,Other,Driver,North,Proceeding Straight,POINT (-122.41443 37.784657),20.0,5.0,10.0,36.0,21
19405,vw_geo_sfpd_cr_switrs_all_types_col_cty_union.fid-c18a0c2_186644fdb18_549,54439,27196000.0,8343101.0,200777168,37.7660769753,-122.4618723,SFPD-INTERIM DB,CITY STREET,12/25/2020 05:56:00 PM,2020 December 25,17:56:00,2020,December,Friday,LINCOLN WAY,05TH AVE,88.0,Cloudy,Injury (Other Visible),Broadside,Pedestrian,Crossing Not in Crosswalk,Wet,No Unusual Condition,Dark - No Street Lights,Midblock > 20ft,0.0,1,1.0,Pedestrian,North,Entering Traffic,Driver,West,Proceeding Straight,POINT (-122.461876 37.766075),109.0,7.0,11.0,14.0,17
19427,vw_geo_sfpd_cr_switrs_all_types_col_cty_union.fid-c18a0c2_186644fdb18_e35,56163,22556000.0,,210558061,37.7171738689,-122.472572455,SFPD-INTERIM DB,CITY STREET,08/30/2021 11:00:00 PM,2021 August 30,23:00:00,2021,August,Monday,JUNIPERO SERRA BLVD,19TH AVE,0.0,Clear,Injury (Other Visible),Vehicle/Pedestrian,Pedestrian,Crossing in Crosswalk at Intersection,Dry,No Unusual Condition,Dark - Street Lights,Intersection <= 20ft,0.0,1,1.0,Driver,South,Proceeding Straight,Pedestrian,North,Proceeding Straight,POINT (-122.47257 37.717175),65.0,10.0,1.0,24.0,23
19437,vw_geo_sfpd_cr_switrs_all_types_col_cty_union.fid-c18a0c2_186644fdb18_-1e7,52436,25425000.0,,200178419,37.8011697521,-122.411018517,SFPD-INTERIM DB,CITY STREET,03/10/2020 04:30:00 PM,2020 March 10,16:30:00,2020,March,Tuesday,POWELL ST,FILBERT ST,0.0,Clear,Injury (Complaint of Pain),Vehicle/Pedestrian,Pedestrian,Crossing in Crosswalk at Intersection,Dry,No Unusual Condition,Daylight,Intersection <= 20ft,0.0,1,1.0,Driver,West,Proceeding Straight,Pedestrian,South,Proceeding Straight,POINT (-122.41102 37.80117),106.0,6.0,3.0,23.0,16
19440,vw_geo_sfpd_cr_switrs_all_types_col_cty_union.fid-c18a0c2_186644fdb18_-356,52153,24088000.0,,200075263,37.7522394544,-122.41844527,SFPD-INTERIM DB,CITY STREET,01/30/2020 02:30:00 PM,2020 January 30,14:30:00,2020,January,Thursday,MISSION ST,24TH ST,0.0,Clear,Injury (Complaint of Pain),Vehicle/Pedestrian,Pedestrian,Crossing in Crosswalk at Intersection,Dry,No Unusual Condition,Daylight,Intersection <= 20ft,0.0,1,1.0,Pedestrian,East,Proceeding Straight,Driver,North,Proceeding Straight,POINT (-122.41844 37.75224),53.0,3.0,2.0,20.0,14
19457,vw_geo_sfpd_cr_switrs_all_types_col_cty_union.fid-c18a0c2_186644fdb18_425,54238,23303000.000000004,,200703367,37.7320845723,-122.489743996,SFPD-INTERIM DB,CITY STREET,11/21/2020 08:56:00 AM,2020 November 21,08:56:00,2020,November,Saturday,OCEAN AVE,HAVENSIDE DR,0.0,Clear,Injury (Complaint of Pain),Vehicle/Pedestrian,Pedestrian,Crossing in Crosswalk at Intersection,Dry,No Unusual Condition,Daylight,Intersection <= 20ft,0.0,1,1.0,Driver,East,Making Left Turn,Pedestrian,North,Proceeding Straight,POINT (-122.489746 37.732086),43.0,10.0,8.0,35.0,08
19458,vw_geo_sfpd_cr_switrs_all_types_col_cty_union.fid-c18a0c2_186644fdb18_-49b,50458,33210000.0,,200015811,37.7103652334,-122.390887825,SFPD-INTERIM DB,CITY STREET,01/07/2019 08:00:00 AM,2019 January 07,08:00:00,2019,January,Monday,HARNEY WAY,EXECUTIVE PARK BLVD,0.0,Clear,Injury (Complaint of Pain),Sideswipe,Pedestrian,"In Road, Including Shoulder",Dry,"Holes, Deep Ruts",Daylight,Intersection <= 20ft,0.0,1,1.0,Driver,South,Proceeding Straight,Pedestrian,South,Stopped,POINT (-122.390884 37.710365),79.0,2.0,9.0,1.0,08
19463,vw_geo_sfpd_cr_switrs_all_types_col_cty_union.fid-c18a0c2_186644fdb18_852,18074,25982000.000000004,,131096071,37.7674615834454,-122.433408257411,SFPD-CROSSROADS,CITY STREET,12/30/2013 05:55:00 PM,2013 December 30,17:55:00,2013,December,Monday,NOE ST,14TH ST,0.0,Clear,Injury (Other Visible),Vehicle/Pedestrian,Pedestrian,Crossing in Crosswalk at Intersection,Dry,No Unusual Condition,Dark - Street Lights,Intersection <= 20ft,0.0,1,1.0,Pedestrian,South,Proceeding Straight,Driver,East,Proceeding Straight,POINT (-122.43341 37.76746),28.0,7.0,5.0,5.0,17
19465,vw_geo_sfpd_cr_switrs_all_types_col_cty_union.fid-c18a0c2_186644fdb18_ae5,55541,33674000.0,,210243024,37.7379658671,-122.406910504,SFPD-INTERIM DB,CITY STREET,04/20/2021 05:59:00 PM,2021 April 20,17:59:00,2021,April,Tuesday,BAY SHORE BLVD,INDUSTRIAL ST,0.0,Clear,Injury (Other Visible),Vehicle/Pedestrian,Pedestrian,Crossing Not in Crosswalk,Dry,No Unusual Condition,Daylight,Intersection <= 20ft,0.0,1,1.0,Pedestrian,East,Proceeding Straight,Driver,South,Proceeding Straight,POINT (-122.40691 37.737965),82.0,2.0,9.0,1.0,17
19471,vw_geo_sfpd_cr_switrs_all_types_col_cty_union.fid-c18a0c2_186644fdb18_bb7,57128,24893000.0,5058000.0,210304808,37.784428488226,-122.408684359932,SFPD-INTERIM DB,CITY STREET,05/17/2021 10:45:00 AM,2021 May 17,10:45:00,2021,May,Monday,EDDY ST,MASON ST,183.0,Clear,Injury (Complaint of Pain),Head-On,Pedestrian,Crossing Not in Crosswalk,Dry,No Unusual Condition,Daylight,Midblock > 20ft,0.0,0,1.0,Pedestrian,North,Proceeding Straight,Driver,East,Making Left Turn,POINT (-122.40868 37.784428),19.0,5.0,10.0,36.0,10
19472,vw_geo_sfpd_cr_switrs_all_types_col_cty_union.fid-c18a0c2_186644fdb18_fde,57078,25308000.0,,210689741,37.7960945697482,-122.420109524283,SFPD-INTERIM DB,CITY STREET,10/21/2021 08:51:00 AM,2021 October 21,08:51:00,2021,October,Thursday,LARKIN ST,BROADWAY,0.0,Cloudy,Injury (Complaint of Pain),Broadside,Pedestrian,Crossing in Crosswalk at Intersection,Wet,No Unusual Condition,Daylight,Intersection <= 20ft,0.0,1,1.0,Driver,West,Making Right Turn,Pedestrian,South,Proceeding Straight,POINT (-122.42011 37.796093),105.0,6.0,3.0,32.0,08
19480,vw_geo_sfpd_cr_switrs_all_types_col_cty_union.fid-c18a0c2_186644fdb18_967,40223,27679000.0,,140241560,37.7536267129257,-122.490400613869,SFPD-CROSSROADS,CITY STREET,03/22/2014 08:07:00 AM,2014 March 22,08:07:00,2014,March,Saturday,NORIEGA ST,32ND AVE,0.0,Clear,Injury (Complaint of Pain),Vehicle/Pedestrian,Pedestrian,Crossing in Crosswalk at Intersection,Dry,No Unusual Condition,Daylight,Intersection <= 20ft,0.0,1,1.0,Driver,East,Proceeding Straight,Pedestrian,North,Proceeding Straight,POINT (-122.4904 37.753628),39.0,10.0,7.0,35.0,08
19485,vw_geo_sfpd_cr_switrs_all_types_col_cty_union.fid-c18a0c2_186644fdb18_87f,54648,25677000.0,,210054718,37.7615656727,-122.423800671,SFPD-INTERIM DB,CITY STREET,01/24/2021 08:01:00 PM,2021 January 24,20:01:00,2021,January,Sunday,GUERRERO ST,18TH ST,0.0,Raining,Injury (Complaint of Pain),Vehicle/Pedestrian,Pedestrian,Crossing in Crosswalk at Intersection,Wet,No Unusual Condition,Dark - Street Lights,Intersection <= 20ft,0.0,1,1.0,Driver,South,Making Right Turn,Pedestrian,East,Proceeding Straight,POINT (-122.4238 37.761566),37.0,3.0,5.0,20.0,20
19495,vw_geo_sfpd_cr_switrs_all_types_col_cty_union.fid-c18a0c2_186644fdb18_-2e2,52232,25249000.0,,200110295,37.7930136077,-122.416113017,SFPD-INTERIM DB,CITY STREET,02/13/2020 12:11:00 PM,2020 February 13,12:11:00,2020,February,Thursday,CLAY ST,LEAVENWORTH ST,0.0,Cloudy,Injury (Other Visible),Vehicle/Pedestrian,Pedestrian,Crossing in Crosswalk at Intersection,Dry,No Unusual Condition,Daylight,Intersection <= 20ft,0.0,1,1.0,Driver,East,Making Left Turn,Pedestrian,South,Proceeding Straight,POINT (-122.416115 37.793015),16.0,6.0,3.0,32.0,12
19498,vw_geo_sfpd_cr_switrs_all_types_col_cty_union.fid-c18a0c2_186644fdb18_d1a,56285,54151000.0,,210422773,37.7942298209,-122.39326373,SFPD-INTERIM DB,CITY STREET,07/05/2021 05:50:00 PM,2021 July 05,17:50:00,2021,July,Monday,THE EMBARCADERO,DON CHEE WAY,0.0,Clear,Injury (Complaint of Pain),Vehicle/Pedestrian,Pedestrian,Crossing in Crosswalk at Intersection,Dry,No Unusual Condition,Daylight,Intersection <= 20ft,0.0,1,,Pedestrian,West,Proceeding Straight,Driver,South,Proceeding Straight,POINT (-122.393265 37.79423),108.0,6.0,3.0,8.0,17
19503,vw_geo_sfpd_cr_switrs_all_types_col_cty_union.fid-c18a0c2_186644fdb18_4e2,54364,24113000.0,9122002.0,200752938,37.7573449929,-122.41893041,SFPD-INTERIM DB,CITY STREET,12/14/2020 02:07:00 PM,2020 December 14,14:07:00,2020,December,Monday,MISSION ST,21ST ST,113.0,Clear,Injury (Other Visible),Vehicle/Pedestrian,Pedestrian,Crossing Not in Crosswalk,Dry,No Unusual Condition,Daylight,Midblock > 20ft,0.0,1,1.0,Driver,North,Backing,Pedestrian,East,Other,POINT (-122.41893 37.757343),53.0,3.0,2.0,20.0,14
19525,vw_geo_sfpd_cr_switrs_all_types_col_cty_union.fid-c18a0c2_186644fdb18_-1ad,52653,24613000.0,,200203884,37.7862481522,-122.40202542,SFPD-INTERIM DB,CITY STREET,03/23/2020 10:18:00 AM,2020 March 23,10:18:00,2020,March,Monday,MISSION ST,03RD ST,0.0,Clear,Injury (Other Visible),Vehicle/Pedestrian,Pedestrian,"In Road, Including Shoulder",Dry,No Unusual Condition,Daylight,Intersection <= 20ft,0.0,1,1.0,Driver,West,Proceeding Straight,Pedestrian,North,Stopped,POINT (-122.40202 37.786247),32.0,1.0,10.0,8.0,10
19539,vw_geo_sfpd_cr_switrs_all_types_col_cty_union.fid-c18a0c2_186644fdb18_-336,52259,24248000.0,,200084004,37.7740433272,-122.414367691,SFPD-INTERIM DB,CITY STREET,02/03/2020 09:35:00 AM,2020 February 03,09:35:00,2020,February,Monday,10TH ST,HOWARD ST,0.0,Clear,Injury (Other Visible),Vehicle/Pedestrian,Pedestrian,Crossing in Crosswalk at Intersection,Dry,No Unusual Condition,Daylight,Intersection <= 20ft,0.0,1,1.0,Driver,South,Making Left Turn,Pedestrian,West,Proceeding Straight,POINT (-122.41437 37.774044),32.0,1.0,10.0,34.0,09
19543,vw_geo_sfpd_cr_switrs_all_types_col_cty_union.fid-c18a0c2_186644fdb18_-4df,52060,33027000.000000004,,200009438,37.7701114493,-122.420008321,SFPD-INTERIM DB,CITY STREET,01/04/2020 03:13:00 PM,2020 January 04,15:13:00,2020,January,Saturday,MISSION ST,DUBOCE AVE,0.0,Clear,Injury (Other Visible),Vehicle/Pedestrian,Pedestrian,Crossing in Crosswalk at Intersection,Dry,No Unusual Condition,Daylight,Intersection <= 20ft,0.0,1,1.0,Pedestrian,East,Proceeding Straight,Driver,South,Slowing/Stopping,POINT (-122.420006 37.77011),53.0,3.0,2.0,20.0,15
19547,vw_geo_sfpd_cr_switrs_all_types_col_cty_union.fid-c18a0c2_186644fdb18_95c,54730,26822000.0,,210117491,37.7878555734,-122.442109525,SFPD-INTERIM DB,CITY STREET,02/21/2021 03:30:00 PM,2021 February 21,15:30:00,2021,February,Sunday,CALIFORNIA ST,BRODERICK ST,0.0,Clear,Injury (Severe),Vehicle/Pedestrian,Pedestrian,"In Road, Including Shoulder",Dry,No Unusual Condition,Daylight,Intersection <= 20ft,0.0,1,1.0,Pedestrian,West,Not Stated,Driver,North,Proceeding Straight,POINT (-122.44211 37.787857),102.0,8.0,6.0,30.0,15
19556,vw_geo_sfpd_cr_switrs_all_types_col_cty_union.fid-c18a0c2_186644fdb18_235,53579,24170000.0,9115000.0,200569830,37.7650732598,-122.419671084,SFPD-INTERIM DB,CITY STREET,09/21/2020 06:34:00 PM,2020 September 21,18:34:00,2020,September,Monday,MISSION ST,16TH ST,8.0,Clear,Injury (Other Visible),Vehicle/Pedestrian,Pedestrian,Crossing in Crosswalk at Intersection,Dry,No Unusual Condition,Daylight,Intersection <= 20ft,0.0,1,1.0,Driver,North,Making Right Turn,Pedestrian,East,Proceeding Straight,POINT (-122.41967 37.76507),53.0,3.0,2.0,20.0,18
19575,vw_geo_sfpd_cr_switrs_all_types_col_cty_union.fid-c18a0c2_186644fdb18_30d,53978,27676000.0,9664000.0,200633225,37.7536909288,-122.488944039,SFPD-INTERIM DB,CITY STREET,10/20/2020 02:54:00 PM,2020 October 20,14:54:00,2020,October,Tuesday,NORIEGA ST,31ST AVE,110.0,Clear,Injury (Complaint of Pain),Vehicle/Pedestrian,Pedestrian,Not in Road,Dry,No Unusual Condition,Daylight,Midblock > 20ft,0.0,2,1.0,Driver,South,Parking Maneuver,Pedestrian,West,Stopped,POINT (-122.488945 37.753693),39.0,10.0,7.0,35.0,14
19578,vw_geo_sfpd_cr_switrs_all_types_col_cty_union.fid-c18a0c2_186644fdb18_348,54035,23910000.0,300003.0,200648371,37.779501626,-122.40243123,SFPD-INTERIM DB,CITY STREET,10/27/2020 11:24:00 AM,2020 October 27,11:24:00,2020,October,Tuesday,05TH ST,CLARA ST,22.0,Clear,Injury (Other Visible),Vehicle/Pedestrian,Pedestrian,Crossing Not in Crosswalk,Dry,No Unusual Condition,Daylight,Midblock > 20ft,0.0,1,1.0,Pedestrian,South,Other,Driver,West,Making Left Turn,POINT (-122.40243 37.779503),32.0,1.0,10.0,34.0,11
19579,vw_geo_sfpd_cr_switrs_all_types_col_cty_union.fid-c18a0c2_186644fdb18_-198,52644,24089000.0,1346000.0,200212089,37.7522187843,-122.418783118,SFPD-INTERIM DB,CITY STREET,03/28/2020 02:00:00 PM,2020 March 28,14:00:00,2020,March,Saturday,24TH ST,MISSION ST,98.0,Cloudy,Injury (Complaint of Pain),Vehicle/Pedestrian,Pedestrian,Crossing Not in Crosswalk,Dry,No Unusual Condition,Daylight,Midblock > 20ft,0.0,1,1.0,Driver,East,Slowing/Stopping,Pedestrian,South,Crossed Into Opposing Lane,POINT (-122.418785 37.75222),53.0,3.0,2.0,20.0,14
19583,vw_geo_sfpd_cr_switrs_all_types_col_cty_union.fid-c18a0c2_186644fdb18_8d8,54926,21723000.0,,210078730,37.7243163724,-122.434033481,SFPD-INTERIM DB,CITY STREET,02/04/2021 09:10:00 AM,2021 February 04,09:10:00,2021,February,Thursday,BRAZIL AVE,LONDON ST,0.0,Clear,Injury (Complaint of Pain),Vehicle/Pedestrian,Pedestrian,Crossing in Crosswalk at Intersection,Dry,No Unusual Condition,Daylight,Intersection <= 20ft,0.0,1,1.0,Driver,East,Making Right Turn,Pedestrian,North,Proceeding Straight,POINT (-122.43404 37.724316),90.0,9.0,1.0,7.0,09
19604,vw_geo_sfpd_cr_switrs_all_types_col_cty_union.fid-c18a0c2_186644fdb18_-3ae,52747,50024000.0,9100000.0,200052772,37.7803704783,-122.4094693,SFPD-INTERIM DB,CITY STREET,01/21/2020 07:29:00 PM,2020 January 21,19:29:00,2020,January,Tuesday,MISSION ST,06TH ST,310.0,Raining,Injury (Other Visible),Vehicle/Pedestrian,Pedestrian,Crossing Not in Crosswalk,Wet,Loose Material on Roadway,Dark - Street Lights,Midblock > 20ft,0.0,1,1.0,Pedestrian,South,Entering Traffic,Driver,West,Proceeding Straight,POINT (-122.40947 37.78037),32.0,1.0,10.0,34.0,19
19606,vw_geo_sfpd_cr_switrs_all_types_col_cty_union.fid-c18a0c2_186644fdb18_-32a,52175,23292000.0,1657000.0,200087020,37.7481033524,-122.487864627,SFPD-INTERIM DB,CITY STREET,02/04/2020 10:45:00 AM,2020 February 04,10:45:00,2020,February,Tuesday,30TH AVE,QUINTARA ST,8.0,Clear,Injury (Complaint of Pain),Vehicle/Pedestrian,Pedestrian,Crossing in Crosswalk at Intersection,Dry,No Unusual Condition,Daylight,Intersection <= 20ft,0.0,1,1.0,Driver,South,Making Right Turn,Pedestrian,East,Proceeding Straight,POINT (-122.48786 37.748104),40.0,10.0,7.0,35.0,10
19626,vw_geo_sfpd_cr_switrs_all_types_col_cty_union.fid-c18a0c2_186644fdb18_11c,53496,24925000.0,,200473350,37.7841410125,-122.410951619,SFPD-INTERIM DB,CITY STREET,08/07/2020 05:33:00 PM,2020 August 07,17:33:00,2020,August,Friday,TAYLOR ST,EDDY ST,0.0,Clear,Injury (Complaint of Pain),Vehicle/Pedestrian,Pedestrian,Crossing in Crosswalk at Intersection,Dry,No Unusual Condition,Daylight,Intersection <= 20ft,0.0,1,1.0,Driver,North,Making Left Turn,Pedestrian,West,Proceeding Straight,POINT (-122.41095 37.78414),20.0,5.0,10.0,36.0,17
19633,vw_geo_sfpd_cr_switrs_all_types_col_cty_union.fid-c18a0c2_186644fdb18_fe8,56756,24945000.0,9728000.0,210698253,37.7858410414433,-122.412560292666,SFPD-INTERIM DB,CITY STREET,10/25/2021 08:23:00 AM,2021 October 25,08:23:00,2021,October,Monday,OFARRELL ST,JONES ST,120.0,Clear,Injury (Complaint of Pain),Vehicle/Pedestrian,Pedestrian,"In Road, Including Shoulder",Dry,No Unusual Condition,Daylight,Midblock > 20ft,0.0,1,1.0,Pedestrian,West,Other,Driver,East,Backing,POINT (-122.41256 37.785843),20.0,5.0,10.0,36.0,08
19635,vw_geo_sfpd_cr_switrs_all_types_col_cty_union.fid-c18a0c2_186644fdb18_-6,53114,20600000.0,11380000.0,200366197,37.7240748128,-122.40212447,SFPD-INTERIM DB,CITY STREET,06/18/2020 07:00:00 AM,2020 June 18,07:00:00,2020,June,Thursday,SAN BRUNO AVE,DWIGHT ST,15.0,Clear,Fatal,Vehicle/Pedestrian,Pedestrian,Crossing Not in Crosswalk,Dry,No Unusual Condition,Daylight,Intersection <= 20ft,1.0,0,1.0,Pedestrian,East,Not Stated,Driver,North,Proceeding Straight,POINT (-122.40212 37.724075),91.0,2.0,2.0,25.0,07
19637,vw_geo_sfpd_cr_switrs_all_types_col_cty_union.fid-c18a0c2_186644fdb18_d4d,56246,24465000.0,10552000.0,210453176,37.7815122995,-122.4188632,SFPD-INTERIM DB,CITY STREET,07/18/2021 01:10:00 AM,2021 July 18,01:10:00,2021,July,Sunday,POLK ST,GOLDEN GATE AVE,102.0,Clear,Injury (Severe),Vehicle/Pedestrian,Pedestrian,"In Road, Including Shoulder",Dry,No Unusual Condition,Dark - Street Lights,Midblock > 20ft,0.0,1,1.0,Driver,South,Proceeding Straight,Pedestrian,East,Not Stated,POINT (-122.41886 37.781513),21.0,4.0,10.0,36.0,01
19638,vw_geo_sfpd_cr_switrs_all_types_col_cty_union.fid-c18a0c2_186644fdb18_1017,56508,22105000.0,6132101.0,210726804,37.7207120305637,-122.44649197204,SFPD-INTERIM DB,CITY STREET,11/05/2021 07:14:00 AM,2021 November 05,07:14:00,2021,November,Friday,GENEVA AVE,SAN JOSE AVE,34.0,Clear,Injury (Complaint of Pain),Vehicle/Pedestrian,Pedestrian,Crossing Not in Crosswalk,Dry,No Unusual Condition,Daylight,Midblock > 20ft,0.0,1,1.0,Pedestrian,North,Proceeding Straight,Driver,East,Making Right Turn,POINT (-122.446495 37.72071),80.0,9.0,1.0,28.0,07
19653,vw_geo_sfpd_cr_switrs_all_types_col_cty_union.fid-c18a0c2_186644fdb18_1af,53454,21496000.0,,200518520,37.7127834272,-122.444571082,SFPD-INTERIM DB,CITY STREET,08/28/2020 05:38:00 PM,2020 August 28,17:38:00,2020,August,Friday,MISSION ST,GUTTENBERG ST,0.0,Clear,Injury (Complaint of Pain),Vehicle/Pedestrian,Pedestrian,Crossing in Crosswalk at Intersection,Dry,No Unusual Condition,Daylight,Intersection <= 20ft,0.0,1,1.0,Driver,North,Making Right Turn,Pedestrian,South,Proceeding Straight,POINT (-122.44457 37.712784),58.0,9.0,1.0,28.0,17
19671,vw_geo_sfpd_cr_switrs_all_types_col_cty_union.fid-c18a0c2_186644fdb18_1a0,53442,23853000.0,,200513473,37.7711377879,-122.400804276,SFPD-INTERIM DB,CITY STREET,08/26/2020 10:45:00 AM,2020 August 26,10:45:00,2020,August,Wednesday,07TH ST,KING ST,0.0,Clear,Injury (Complaint of Pain),Broadside,Pedestrian,Crossing in Crosswalk at Intersection,Dry,No Unusual Condition,Daylight,Intersection <= 20ft,0.0,1,1.0,Driver,East,Making Left Turn,Pedestrian,North,Proceeding Straight,POINT (-122.4008 37.771137),34.0,1.0,10.0,4.0,10
19675,vw_geo_sfpd_cr_switrs_all_types_col_cty_union.fid-c18a0c2_186644fdb18_bc6,55205,21915000.0,4033000.0,210308515,37.7468362649,-122.426962434,SFPD-INTERIM DB,CITY STREET,05/19/2021 05:37:00 PM,2021 May 19,17:37:00,2021,May,Wednesday,CHURCH ST,27TH ST,22.0,Clear,Injury (Complaint of Pain),Vehicle/Pedestrian,Pedestrian,Crossing Not in Crosswalk,Dry,No Unusual Condition,Daylight,Midblock > 20ft,0.0,1,1.0,Pedestrian,East,Making Left Turn,Driver,South,Crossed Into Opposing Lane,POINT (-122.42696 37.746838),84.0,9.0,5.0,22.0,17
19677,vw_geo_sfpd_cr_switrs_all_types_col_cty_union.fid-c18a0c2_186644fdb18_490,54318,21338000.0,9133000.0,200735655,37.7452839403,-122.420087128,SFPD-INTERIM DB,CITY STREET,12/06/2020 02:37:00 PM,2020 December 06,14:37:00,2020,December,Sunday,MISSION ST,VALENCIA ST,43.0,Clear,Injury (Complaint of Pain),Head-On,Pedestrian,Crossing Not in Crosswalk,Dry,No Unusual Condition,Daylight,Midblock > 20ft,0.0,1,1.0,Pedestrian,East,Other,Driver,South,Proceeding Straight,POINT (-122.42009 37.745285),83.0,9.0,2.0,2.0,14
19679,vw_geo_sfpd_cr_switrs_all_types_col_cty_union.fid-c18a0c2_186644fdb18_-4bf,233,20298000.0,,171016437,37.7121794860998,-122.40245947948,SFPD-CROSSROADS,CITY STREET,12/16/2017 03:39:00 PM,2017 December 16,15:39:00,2017,December,Saturday,BAY SHORE BLVD,ARLETA AVE,0.0,Clear,Injury (Other Visible),Vehicle/Pedestrian,Pedestrian,Crossing in Crosswalk at Intersection,Dry,No Unusual Condition,Daylight,Intersection <= 20ft,0.0,1,1.0,Pedestrian,East,Entering Traffic,Driver,South,Stopped In Road,POINT (-122.40246 37.71218),75.0,9.0,9.0,40.0,15
19684,vw_geo_sfpd_cr_switrs_all_types_col_cty_union.fid-c18a0c2_186644fdb18_1e5,53529,27216000.0,2314000.0,200539504,37.7799379546,-122.455852515,SFPD-INTERIM DB,CITY STREET,09/07/2020 06:35:00 PM,2020 September 07,18:35:00,2020,September,Monday,ANZA ST,STANYAN BLVD,3.0,Clear,Injury (Severe),Vehicle/Pedestrian,Pedestrian,Crossing in Crosswalk at Intersection,Dry,No Unusual Condition,Dusk - Dawn,Intersection <= 20ft,0.0,1,1.0,Driver,West,Making Left Turn,Pedestrian,South,Not Stated,POINT (-122.45586 37.779938),12.0,7.0,4.0,18.0,18
19685,vw_geo_sfpd_cr_switrs_all_types_col_cty_union.fid-c18a0c2_186644fdb18_-64e,28536,25012000.0,8812000.0,140875460,37.7924282804677,-122.410938679123,SFPD-CROSSROADS,CITY STREET,10/16/2014 12:10:00 PM,2014 October 16,12:10:00,2014,October,Thursday,MASON ST,SACRAMENTO ST,123.0,Clear,Injury (Other Visible),Vehicle/Pedestrian,Pedestrian,"In Road, Including Shoulder",Dry,No Unusual Condition,Daylight,Midblock > 20ft,0.0,1,1.0,Driver,North,Proceeding Straight,Pedestrian,North,Other,POINT (-122.41094 37.792427),16.0,6.0,3.0,21.0,12
19699,vw_geo_sfpd_cr_switrs_all_types_col_cty_union.fid-c18a0c2_186644fdb18_-1c,53039,26973000.000000004,11715000.0,200356778,37.7992340362,-122.44098199,SFPD-INTERIM DB,CITY STREET,06/13/2020 06:45:00 PM,2020 June 13,18:45:00,2020,June,Saturday,SCOTT ST,LOMBARD ST,8.0,Clear,Injury (Complaint of Pain),Vehicle/Pedestrian,Pedestrian,Crossing in Crosswalk at Intersection,Dry,No Unusual Condition,Daylight,Intersection <= 20ft,0.0,1,1.0,Pedestrian,East,Proceeding Straight,Driver,South,Proceeding Straight,POINT (-122.44098 37.799232),17.0,4.0,6.0,13.0,18