,id,unique_id,cnn_intrsctn_fkey,cnn_sgmt_fkey,case_id_pkey,tb_latitude,tb_longitude,geocode_source,geocode_location,collision_datetime,collision_date,collision_time,accident_year,month,day_of_week,primary_rd,secondary_rd,distance,weather_1,collision_severity,type_of_collision,mviw,ped_action,road_surface,road_cond_1,lighting,intersection,number_killed,number_injured,party_at_fault,party1_type,party1_dir_of_travel,party1_move_pre_acc,party2_type,party2_dir_of_travel,party2_move_pre_acc,point,Neighborhoods,Current Police Districts,Current Supervisor Districts,Analysis Neighborhoods,hour
20079,vw_geo_sfpd_cr_switrs_all_types_col_cty_union.fid-c18a0c2_186644fdb18_62c,16843,24285000.0,,130693410,37.780535386375,-122.408160793737,SFPD-CROSSROADS,CITY STREET,08/20/2013 05:02:00 PM,2013 August 20,17:02:00,2013,August,Tuesday,06TH ST,MINNA ST,0.0,Clear,Injury (Other Visible),Vehicle/Pedestrian,Pedestrian,Crossing in Crosswalk at Intersection,Dry,No Unusual Condition,Daylight,Intersection <= 20ft,0.0,1,1.0,Driver,South,Proceeding Straight,Pedestrian,East,Proceeding Straight,POINT (-122.40816 37.780537),32.0,1.0,10.0,34.0,17
20083,vw_geo_sfpd_cr_switrs_all_types_col_cty_union.fid-c18a0c2_186644fdb18_2e1,39535,27333000.0,,140604140,37.7523785998231,-122.476292239955,SFPD-CROSSROADS,CITY STREET,07/21/2014 07:21:00 AM,2014 July 21,07:21:00,2014,July,Monday,19TH AVE,ORTEGA ST,0.0,Clear,Injury (Complaint of Pain),Vehicle/Pedestrian,Pedestrian,Crossing in Crosswalk at Intersection,Dry,No Unusual Condition,Daylight,Intersection <= 20ft,0.0,1,1.0,Driver,West,Making Left Turn,Pedestrian,East,Proceeding Straight,POINT (-122.476295 37.75238),39.0,10.0,7.0,35.0,07
20089,vw_geo_sfpd_cr_switrs_all_types_col_cty_union.fid-c18a0c2_186644fdb18_-1a3,52630,20491000.0,222101.0,200208044,37.7276103082,-122.39322293,SFPD-INTERIM DB,CITY STREET,03/25/2020 05:40:00 PM,2020 March 25,17:40:00,2020,March,Wednesday,03RD ST,YOSEMITE AVE,45.0,Clear,Injury (Other Visible),Vehicle/Pedestrian,Pedestrian,"In Road, Including Shoulder",Dry,No Unusual Condition,Daylight,Midblock > 20ft,0.0,1,1.0,Driver,South,Proceeding Straight,Pedestrian,South,Ran Off Road,POINT (-122.39323 37.72761),86.0,2.0,9.0,1.0,17
20094,vw_geo_sfpd_cr_switrs_all_types_col_cty_union.fid-c18a0c2_186644fdb18_647,39991,27753000.0,1917000.0,150063172,37.7512805061929,-122.499910737252,SFPD-CROSSROADS,CITY STREET,01/21/2015 08:39:00 AM,2015 January 21,08:39:00,2015,January,Wednesday,41ST AVE,ORTEGA ST,19.0,Clear,Injury (Complaint of Pain),Vehicle/Pedestrian,Pedestrian,Crossing in Crosswalk Not at Intersection,Dry,No Unusual Condition,Daylight,Intersection <= 20ft,0.0,1,,Driver,North,Proceeding Straight,Pedestrian,West,Other,POINT (-122.49991 37.75128),39.0,10.0,7.0,35.0,08
20096,vw_geo_sfpd_cr_switrs_all_types_col_cty_union.fid-c18a0c2_186644fdb18_c4,53284,23282000.0,12404000.0,200440428,37.7425804665,-122.48636996,SFPD-INTERIM DB,CITY STREET,07/23/2020 09:05:00 AM,2020 July 23,09:05:00,2020,July,Thursday,TARAVAL ST,29TH AVE,11.0,Clear,Injury (Other Visible),Vehicle/Pedestrian,Pedestrian,Crossing in Crosswalk at Intersection,Dry,No Unusual Condition,Daylight,Intersection <= 20ft,0.0,1,1.0,Driver,East,Making Left Turn,Pedestrian,North,Not Stated,POINT (-122.48637 37.74258),40.0,10.0,7.0,35.0,09
20118,vw_geo_sfpd_cr_switrs_all_types_col_cty_union.fid-c18a0c2_186644fdb18_10d2,41975,26440000.0,12089000.0,130040112,37.7703198204527,-122.453767112758,SFPD-CROSSROADS,CITY STREET,01/15/2013 09:40:00 AM,2013 January 15,09:40:00,2013,January,Tuesday,STANYAN ST,PAGE ST,82.0,Clear,Injury (Complaint of Pain),Vehicle/Pedestrian,Pedestrian,"In Road, Including Shoulder",Dry,No Unusual Condition,Daylight,Midblock > 20ft,0.0,1,1.0,Driver,North,Proceeding Straight,Pedestrian,North,Other,POINT (-122.453766 37.77032),9.0,7.0,11.0,3.0,09
20129,vw_geo_sfpd_cr_switrs_all_types_col_cty_union.fid-c18a0c2_186644fdb18_3c5,54157,22335000.0,4774101.0,200681707,37.7465777733,-122.443460415,SFPD-INTERIM DB,CITY STREET,11/11/2020 03:12:00 PM,2020 November 11,15:12:00,2020,November,Wednesday,DIAMOND HEIGHTS BLVD,DUNCAN ST,18.0,Clear,Injury (Severe),Sideswipe,Pedestrian,Crossing Not in Crosswalk,Dry,No Unusual Condition,Daylight,Intersection <= 20ft,0.0,1,1.0,Driver,East,Proceeding Straight,Pedestrian,North,Other,POINT (-122.44346 37.74658),57.0,3.0,5.0,22.0,15
20145,vw_geo_sfpd_cr_switrs_all_types_col_cty_union.fid-c18a0c2_186644fdb18_90b,54559,20442000.0,,210092188,37.71858493,-122.392049984,SFPD-INTERIM DB,CITY STREET,02/10/2021 10:11:00 AM,2021 February 10,10:11:00,2021,February,Wednesday,INGERSON AVE,REDONDO ST,0.0,Clear,Fatal,Vehicle/Pedestrian,Pedestrian,"In Road, Including Shoulder",Dry,No Unusual Condition,Daylight,Intersection <= 20ft,1.0,0,,Pedestrian,North,Not Stated,Driver,East,Proceeding Straight,POINT (-122.39205 37.718586),88.0,2.0,9.0,1.0,10
20160,vw_geo_sfpd_cr_switrs_all_types_col_cty_union.fid-c18a0c2_186644fdb18_b6f,55169,30748000.000000004,,210283440,37.7751470745,-122.419255606,SFPD-INTERIM DB,CITY STREET,05/08/2021 08:09:00 PM,2021 May 08,20:09:00,2021,May,Saturday,MARKET ST,SOUTH VAN NESS AVE,0.0,Clear,Injury (Severe),Vehicle/Pedestrian,Pedestrian,Crossing in Crosswalk at Intersection,Dry,No Unusual Condition,Dusk - Dawn,Intersection <= 20ft,0.0,1,,Driver,South,Proceeding Straight,Pedestrian,East,Proceeding Straight,POINT (-122.41926 37.775146),32.0,1.0,10.0,20.0,20
20180,vw_geo_sfpd_cr_switrs_all_types_col_cty_union.fid-c18a0c2_186644fdb18_-4b8,12978,26282000.0,,180326360,37.7658000289,-122.449958132,SFPD-INTERIM DB,CITY STREET,05/02/2018 05:29:00 PM,2018 May 02,17:29:00,2018,May,Wednesday,CARL ST,COLE ST,0.0,Clear,Injury (Complaint of Pain),Vehicle/Pedestrian,Pedestrian,Crossing in Crosswalk at Intersection,Dry,No Unusual Condition,Daylight,Intersection <= 20ft,0.0,1,1.0,Driver,West,Making Left Turn,Pedestrian,South,Proceeding Straight,POINT (-122.44996 37.7658),29.0,7.0,11.0,3.0,17
20188,vw_geo_sfpd_cr_switrs_all_types_col_cty_union.fid-c18a0c2_186644fdb18_-21e,52400,22590000.0,,200160814,37.7218374918,-122.459204214,SFPD-INTERIM DB,CITY STREET,03/03/2020 04:50:00 PM,2020 March 03,16:50:00,2020,March,Tuesday,HOLLOWAY AVE,CAPITOL AVE,0.0,Clear,Injury (Complaint of Pain),Vehicle/Pedestrian,Pedestrian,Crossing in Crosswalk at Intersection,Dry,No Unusual Condition,Daylight,Intersection <= 20ft,0.0,1,1.0,Driver,West,Making Left Turn,Pedestrian,East,Proceeding Straight,POINT (-122.459206 37.721836),64.0,10.0,1.0,24.0,16
20189,vw_geo_sfpd_cr_switrs_all_types_col_cty_union.fid-c18a0c2_186644fdb18_4da,54359,20409000.0,,200749941,37.7119145562,-122.41600028,SFPD-INTERIM DB,CITY STREET,12/12/2020 07:06:00 PM,2020 December 12,19:06:00,2020,December,Saturday,SUNNYDALE AVE,HAHN ST,0.0,Clear,Injury (Complaint of Pain),Vehicle/Pedestrian,Pedestrian,"In Road, Including Shoulder",Dry,No Unusual Condition,Dark - Street Lights,Intersection <= 20ft,0.0,2,1.0,Driver,East,Proceeding Straight,Pedestrian,East,Other,POINT (-122.416 37.711914),75.0,9.0,9.0,40.0,19
20201,vw_geo_sfpd_cr_switrs_all_types_col_cty_union.fid-c18a0c2_186644fdb18_5e8,16444,23940000.0,296000.0,130204813,37.7810960772216,-122.404428079757,SFPD-CROSSROADS,CITY STREET,03/11/2013 04:40:00 PM,2013 March 11,16:40:00,2013,March,Monday,05TH ST,TEHAMA ST,10.0,Clear,Injury (Complaint of Pain),Vehicle/Pedestrian,Pedestrian,Crossing Not in Crosswalk,Wet,No Unusual Condition,Daylight,Intersection <= 20ft,0.0,1,1.0,Pedestrian,East,Entering Traffic,Driver,North,Not Stated,POINT (-122.40443 37.781097),32.0,1.0,10.0,34.0,16
20208,vw_geo_sfpd_cr_switrs_all_types_col_cty_union.fid-c18a0c2_186644fdb18_-404,52195,25463000.0,,200036180,37.8037613014,-122.413222787,SFPD-INTERIM DB,CITY STREET,01/15/2020 08:46:00 AM,2020 January 15,08:46:00,2020,January,Wednesday,CHESTNUT ST,MASON ST,0.0,Clear,Injury (Complaint of Pain),Sideswipe,Pedestrian,Crossing in Crosswalk at Intersection,Dry,No Unusual Condition,Daylight,Intersection <= 20ft,0.0,1,1.0,Driver,West,Making Right Turn,Pedestrian,South,Proceeding Straight,POINT (-122.41322 37.80376),106.0,6.0,3.0,23.0,08
20223,vw_geo_sfpd_cr_switrs_all_types_col_cty_union.fid-c18a0c2_186644fdb18_-203,52416,26158000.0,8773101.0,200166276,37.7610296664,-122.441773452,SFPD-INTERIM DB,CITY STREET,03/05/2020 05:33:00 PM,2020 March 05,17:33:00,2020,March,Thursday,MARKET ST,HATTIE ST,233.0,Clear,Injury (Severe),Sideswipe,Pedestrian,"In Road, Including Shoulder",Dry,No Unusual Condition,Daylight,Midblock > 20ft,0.0,1,1.0,Pedestrian,East,Proceeding Straight,Driver,East,Proceeding Straight,POINT (-122.44177 37.76103),115.0,3.0,5.0,5.0,17
20234,vw_geo_sfpd_cr_switrs_all_types_col_cty_union.fid-c18a0c2_186644fdb18_752,17099,30742000.0,,150579878,37.7804785121773,-122.41251225633,SFPD-CROSSROADS,CITY STREET,07/03/2015 04:34:00 PM,2015 July 03,16:34:00,2015,July,Friday,MARKET ST,07TH ST,0.0,Clear,Injury (Severe),Vehicle/Pedestrian,Pedestrian,Crossing Not in Crosswalk,Dry,No Unusual Condition,Daylight,Intersection <= 20ft,0.0,1,1.0,Pedestrian,East,Stopped In Road,Driver,East,Stopped In Road,POINT (-122.41251 37.78048),32.0,5.0,10.0,34.0,16
20237,vw_geo_sfpd_cr_switrs_all_types_col_cty_union.fid-c18a0c2_186644fdb18_1d7,53476,21685000.0,8606000.0,200534548,37.7231954793,-122.431611744,SFPD-INTERIM DB,CITY STREET,09/05/2020 08:20:00 AM,2020 September 05,08:20:00,2020,September,Saturday,MADRID ST,BRAZIL AVE,12.0,Clear,Injury (Other Visible),Vehicle/Pedestrian,Pedestrian,Crossing in Crosswalk at Intersection,Dry,No Unusual Condition,Daylight,Intersection <= 20ft,0.0,1,1.0,Driver,North,Making Left Turn,Pedestrian,East,Other,POINT (-122.43161 37.723194),90.0,9.0,1.0,7.0,08
20239,vw_geo_sfpd_cr_switrs_all_types_col_cty_union.fid-c18a0c2_186644fdb18_c5c,55275,26006000.0,4992000.0,210360214,37.769112738,-122.434910453,SFPD-INTERIM DB,CITY STREET,06/10/2021 09:00:00 AM,2021 June 10,09:00:00,2021,June,Thursday,DUBOCE AVE,SCOTT ST,5.0,Clear,Injury (Other Visible),Vehicle/Pedestrian,Pedestrian,Crossing in Crosswalk at Intersection,Dry,No Unusual Condition,Daylight,Intersection <= 20ft,0.0,1,1.0,Driver,West,Proceeding Straight,Pedestrian,North,Proceeding Straight,POINT (-122.43491 37.76911),28.0,7.0,5.0,5.0,09
20242,vw_geo_sfpd_cr_switrs_all_types_col_cty_union.fid-c18a0c2_186644fdb18_c01,55224,25914000.0,9882101.0,210329157,37.7757859345,-122.424431566,SFPD-INTERIM DB,CITY STREET,05/28/2021 10:00:00 AM,2021 May 28,10:00:00,2021,May,Friday,OCTAVIA ST,FELL ST,33.0,Clear,Injury (Complaint of Pain),Vehicle/Pedestrian,Pedestrian,"In Road, Including Shoulder",Dry,No Unusual Condition,Daylight,Midblock > 20ft,0.0,1,1.0,Pedestrian,South,Proceeding Straight,Driver,North,Proceeding Straight,POINT (-122.42443 37.775787),22.0,4.0,11.0,9.0,10
20262,vw_geo_sfpd_cr_switrs_all_types_col_cty_union.fid-c18a0c2_186644fdb18_-277,52358,21395000.0,,200135663,37.7109045814,-122.435263903,SFPD-INTERIM DB,CITY STREET,02/22/2020 10:45:00 PM,2020 February 22,22:45:00,2020,February,Saturday,MUNICH ST,CORDOVA ST,0.0,Clear,Injury (Complaint of Pain),Vehicle/Pedestrian,Pedestrian,"In Road, Including Shoulder",Dry,No Unusual Condition,Dark - Street Lights,Intersection <= 20ft,0.0,1,1.0,Driver,West,Proceeding Straight,Pedestrian,East,Stopped,POINT (-122.435265 37.710903),58.0,9.0,1.0,7.0,22
20263,vw_geo_sfpd_cr_switrs_all_types_col_cty_union.fid-c18a0c2_186644fdb18_-517,821,20576000.0,,161020664,37.7228323853153,-122.401612579271,SFPD-CROSSROADS,CITY STREET,12/16/2016 02:41:00 PM,2016 December 16,14:41:00,2016,December,Friday,SAN BRUNO AVE,OLMSTEAD ST,0.0,Wind,Injury (Severe),Vehicle/Pedestrian,Pedestrian,Crossing in Crosswalk at Intersection,Dry,No Unusual Condition,Daylight,Intersection <= 20ft,0.0,1,1.0,Driver,North,Making Left Turn,Pedestrian,West,Other,POINT (-122.40161 37.72283),91.0,2.0,2.0,25.0,14
20277,vw_geo_sfpd_cr_switrs_all_types_col_cty_union.fid-c18a0c2_186644fdb18_388,54096,24333000.0,,200662315,37.780719177,-122.415315615,SFPD-INTERIM DB,CITY STREET,11/02/2020 07:17:00 PM,2020 November 02,19:17:00,2020,November,Monday,MCALLISTER ST,HYDE ST,0.0,Clear,Injury (Other Visible),Vehicle/Pedestrian,Pedestrian,Crossing in Crosswalk at Intersection,Dry,No Unusual Condition,Dark - Street Lights,Intersection <= 20ft,0.0,1,1.0,Pedestrian,South,Entering Traffic,Driver,East,Proceeding Straight,POINT (-122.41531 37.78072),21.0,5.0,10.0,36.0,19
20286,vw_geo_sfpd_cr_switrs_all_types_col_cty_union.fid-c18a0c2_186644fdb18_100e,56788,20770000.0,,210721246,37.7324386577961,-122.405607548138,SFPD-INTERIM DB,CITY STREET,11/03/2021 06:32:00 AM,2021 November 03,06:32:00,2021,November,Wednesday,SILVER AVE,SAN BRUNO AVE,0.0,Clear,Injury (Other Visible),Vehicle/Pedestrian,Pedestrian,Not in Road,Dry,No Unusual Condition,Dark - Street Lights,Intersection <= 20ft,0.0,1,1.0,Driver,South,Entering Traffic,Pedestrian,East,Stopped,POINT (-122.40561 37.732437),91.0,2.0,2.0,25.0,06
20297,vw_geo_sfpd_cr_switrs_all_types_col_cty_union.fid-c18a0c2_186644fdb18_5dd,16424,23939000.0,,150462370,37.780699049347,-122.40392088214,SFPD-CROSSROADS,CITY STREET,05/27/2015 02:07:00 PM,2015 May 27,14:07:00,2015,May,Wednesday,05TH ST,CLEMENTINA ST,0.0,Clear,Injury (Complaint of Pain),Vehicle/Pedestrian,Pedestrian,Crossing in Crosswalk at Intersection,Dry,No Unusual Condition,Daylight,Intersection <= 20ft,0.0,1,1.0,Driver,North,Proceeding Straight,Driver,North,Stopped In Road,POINT (-122.40392 37.7807),32.0,1.0,10.0,34.0,14
20299,vw_geo_sfpd_cr_switrs_all_types_col_cty_union.fid-c18a0c2_186644fdb18_-1d4,52507,21552000.0,,200184814,37.7088063373,-122.452664723,SFPD-INTERIM DB,CITY STREET,03/13/2020 12:30:00 AM,2020 March 13,00:30:00,2020,March,Friday,MISSION ST,SICKLES AVE,0.0,Clear,Injury (Complaint of Pain),Vehicle/Pedestrian,Pedestrian,Crossing in Crosswalk at Intersection,Dry,No Unusual Condition,Dark - Street Lights,Intersection <= 20ft,0.0,1,1.0,Driver,North,Making Left Turn,Pedestrian,East,Proceeding Straight,POINT (-122.45267 37.708805),66.0,9.0,1.0,28.0,00
20303,vw_geo_sfpd_cr_switrs_all_types_col_cty_union.fid-c18a0c2_186644fdb18_-258,52688,20574000.0,,200145872,37.7236162086,-122.400784748,SFPD-INTERIM DB,CITY STREET,02/26/2020 09:17:00 PM,2020 February 26,21:17:00,2020,February,Wednesday,BAY SHORE BLVD,PAUL AVE,0.0,Clear,Injury (Complaint of Pain),Vehicle/Pedestrian,Pedestrian,Crossing in Crosswalk at Intersection,Dry,No Unusual Condition,Dark - Street Lights,Intersection <= 20ft,0.0,1,1.0,Driver,South,Making Right Turn,Pedestrian,East,Proceeding Straight,POINT (-122.40079 37.723618),91.0,2.0,9.0,25.0,21
20311,vw_geo_sfpd_cr_switrs_all_types_col_cty_union.fid-c18a0c2_186644fdb18_-493,29432,25196000.0,5816000.0,130964829,37.78456178748,-122.422841192349,SFPD-CROSSROADS,CITY STREET,11/14/2013 08:55:00 AM,2013 November 14,08:55:00,2013,November,Thursday,FRANKLIN ST,STARR KING WAY,6.0,Cloudy,Injury (Other Visible),Vehicle/Pedestrian,Pedestrian,Crossing in Crosswalk at Intersection,Dry,No Unusual Condition,Daylight,Intersection <= 20ft,0.0,1,1.0,Driver,North,Making Left Turn,Pedestrian,East,Proceeding Straight,POINT (-122.422844 37.78456),100.0,4.0,11.0,39.0,08
20312,vw_geo_sfpd_cr_switrs_all_types_col_cty_union.fid-c18a0c2_186644fdb18_1057,56847,20372000.0,,210772562,37.7122062222221,-122.410640794302,SFPD-INTERIM DB,CITY STREET,11/23/2021 07:25:00 AM,2021 November 23,07:25:00,2021,November,Tuesday,VISITACION AVE,SCHWERIN ST,0.0,Clear,Injury (Complaint of Pain),Vehicle/Pedestrian,Pedestrian,Crossing in Crosswalk at Intersection,Dry,No Unusual Condition,Daylight,Intersection <= 20ft,0.0,3,1.0,Driver,East,Proceeding Straight,Pedestrian,North,Other,POINT (-122.410645 37.712208),75.0,9.0,9.0,40.0,07
20313,vw_geo_sfpd_cr_switrs_all_types_col_cty_union.fid-c18a0c2_186644fdb18_d42,56356,23179000.0,,210446165,37.7431435915,-122.473553424,SFPD-INTERIM DB,CITY STREET,07/15/2021 12:34:00 AM,2021 July 15,00:34:00,2021,July,Thursday,TARAVAL ST,17TH AVE,0.0,Clear,Injury (Complaint of Pain),Sideswipe,Pedestrian,"In Road, Including Shoulder",Wet,No Unusual Condition,Dark - Street Lights,Intersection <= 20ft,0.0,1,1.0,Driver,East,Proceeding Straight,Pedestrian,East,Stopped,POINT (-122.47356 37.743145),44.0,10.0,8.0,41.0,00
20321,vw_geo_sfpd_cr_switrs_all_types_col_cty_union.fid-c18a0c2_186644fdb18_d50,56203,22045000.0,,210454447,37.7470502653,-122.438090358,SFPD-INTERIM DB,CITY STREET,07/18/2021 04:31:00 PM,2021 July 18,16:31:00,2021,July,Sunday,DOUGLASS ST,CESAR CHAVEZ ST,0.0,Clear,Injury (Other Visible),Vehicle/Pedestrian,Pedestrian,"In Road, Including Shoulder",Dry,No Unusual Condition,Daylight,Intersection <= 20ft,0.0,1,1.0,Driver,East,Entering Traffic,Pedestrian,South,Other,POINT (-122.43809 37.74705),84.0,3.0,5.0,22.0,16
20327,vw_geo_sfpd_cr_switrs_all_types_col_cty_union.fid-c18a0c2_186644fdb18_bfb,55582,24113000.0,1108000.0,210326824,37.7570428674,-122.418776951,SFPD-INTERIM DB,CITY STREET,05/27/2021 11:52:00 AM,2021 May 27,11:52:00,2021,May,Thursday,21ST ST,MISSION ST,36.0,Clear,Injury (Complaint of Pain),Sideswipe,Pedestrian,Crossing Not in Crosswalk,Dry,No Unusual Condition,Daylight,Midblock > 20ft,0.0,1,1.0,Pedestrian,South,Proceeding Straight,Driver,West,Proceeding Straight,POINT (-122.41878 37.757042),53.0,3.0,2.0,20.0,11
20339,vw_geo_sfpd_cr_switrs_all_types_col_cty_union.fid-c18a0c2_186644fdb18_101a,56645,20496000.0,10815000.0,210728678,37.7331401609484,-122.391098119587,SFPD-INTERIM DB,CITY STREET,11/05/2021 06:23:00 PM,2021 November 05,18:23:00,2021,November,Friday,QUESADA AVE,03RD ST,52.0,Clear,Injury (Severe),Vehicle/Pedestrian,Pedestrian,Crossing Not in Crosswalk,Dry,No Unusual Condition,Dusk - Dawn,Midblock > 20ft,0.0,1,1.0,Driver,East,Proceeding Straight,Pedestrian,South,Proceeding Straight,POINT (-122.3911 37.73314),86.0,2.0,9.0,1.0,18
20341,vw_geo_sfpd_cr_switrs_all_types_col_cty_union.fid-c18a0c2_186644fdb18_589,54475,25690000.0,802000.0,200790687,37.7631659511,-122.423990282,SFPD-INTERIM DB,CITY STREET,12/31/2020 06:11:00 PM,2020 December 31,18:11:00,2020,December,Thursday,17TH ST,GUERRERO ST,9.0,Clear,Injury (Complaint of Pain),Vehicle/Pedestrian,Pedestrian,Crossing in Crosswalk at Intersection,Dry,No Unusual Condition,Dark - Street Lights,Intersection <= 20ft,0.0,1,1.0,Driver,South,Making Left Turn,Pedestrian,East,Proceeding Straight,POINT (-122.42399 37.763165),37.0,3.0,5.0,20.0,18
20348,vw_geo_sfpd_cr_switrs_all_types_col_cty_union.fid-c18a0c2_186644fdb18_94e,18360,25853000.0,,130461358,37.7715951036187,-122.422526345436,SFPD-CROSSROADS,CITY STREET,06/04/2013 06:32:00 PM,2013 June 04,18:32:00,2013,June,Tuesday,MCCOPPIN ST,VALENCIA ST,0.0,Clear,Injury (Other Visible),Sideswipe,Pedestrian,Crossing in Crosswalk at Intersection,Dry,No Unusual Condition,Daylight,Intersection <= 20ft,0.0,1,1.0,Driver,South,Making Left Turn,Pedestrian,South,Proceeding Straight,POINT (-122.42252 37.771595),32.0,1.0,10.0,20.0,18
20355,vw_geo_sfpd_cr_switrs_all_types_col_cty_union.fid-c18a0c2_186644fdb18_276,53821,27378000.0,,200592132,37.7653509931,-122.47939843,SFPD-INTERIM DB,CITY STREET,10/01/2020 07:45:00 PM,2020 October 01,19:45:00,2020,October,Thursday,LINCOLN WAY,21ST AVE,0.0,Clear,Injury (Complaint of Pain),Vehicle/Pedestrian,Pedestrian,Crossing Not in Crosswalk,Dry,No Unusual Condition,Dark - Street Lights,Intersection <= 20ft,0.0,1,1.0,Pedestrian,North,Stopped,Driver,West,Proceeding Straight,POINT (-122.4794 37.76535),39.0,10.0,7.0,35.0,19
20361,vw_geo_sfpd_cr_switrs_all_types_col_cty_union.fid-c18a0c2_186644fdb18_-636,37228,23056000.0,,140977420,37.7207799468199,-122.476069669767,SFPD-CROSSROADS,CITY STREET,11/18/2014 01:58:00 PM,2014 November 18,13:58:00,2014,November,Tuesday,HOLLOWAY AVE,VARELA AVE,0.0,Clear,Injury (Complaint of Pain),Vehicle/Pedestrian,Pedestrian,"In Road, Including Shoulder",Dry,No Unusual Condition,Daylight,Intersection <= 20ft,0.0,1,,Pedestrian,East,Slowing/Stopping,Driver,East,Slowing/Stopping,POINT (-122.47607 37.72078),42.0,10.0,8.0,16.0,13
20362,vw_geo_sfpd_cr_switrs_all_types_col_cty_union.fid-c18a0c2_186644fdb18_-3f9,52724,25234000.0,,200038766,37.7900451421,-122.417204798,SFPD-INTERIM DB,CITY STREET,01/16/2020 07:10:00 AM,2020 January 16,07:10:00,2020,January,Thursday,HYDE ST,PINE ST,0.0,Raining,Injury (Other Visible),Vehicle/Pedestrian,Pedestrian,Crossing in Crosswalk at Intersection,Wet,No Unusual Condition,Daylight,Intersection <= 20ft,0.0,1,1.0,Driver,South,Making Left Turn,Pedestrian,East,Other,POINT (-122.417206 37.790047),16.0,6.0,3.0,21.0,07
20365,vw_geo_sfpd_cr_switrs_all_types_col_cty_union.fid-c18a0c2_186644fdb18_-306,52218,21486000.0,6138101.0,200096877,37.7164385759,-122.440987643,SFPD-INTERIM DB,CITY STREET,02/08/2020 05:56:00 AM,2020 February 08,05:56:00,2020,February,Saturday,GENEVA AVE,MISSION ST,12.0,Clear,Injury (Severe),Vehicle/Pedestrian,Pedestrian,Crossing in Crosswalk at Intersection,Dry,No Unusual Condition,Dark - Street Lights,Intersection <= 20ft,0.0,1,1.0,Driver,South,Making Left Turn,Pedestrian,North,Proceeding Straight,POINT (-122.44099 37.71644),58.0,9.0,1.0,7.0,05
20378,vw_geo_sfpd_cr_switrs_all_types_col_cty_union.fid-c18a0c2_186644fdb18_340,54028,25881000.0,,200647351,37.7675044591,-122.428948567,SFPD-INTERIM DB,CITY STREET,10/26/2020 09:05:00 PM,2020 October 26,21:05:00,2020,October,Monday,MARKET ST,CHURCH ST,0.0,Clear,Injury (Complaint of Pain),Vehicle/Pedestrian,Pedestrian,Crossing in Crosswalk at Intersection,Dry,No Unusual Condition,Dark - Street Lights,Intersection <= 20ft,0.0,1,1.0,Pedestrian,North,Proceeding Straight,Driver,West,Proceeding Straight,POINT (-122.42895 37.767506),28.0,3.0,5.0,5.0,21
20384,vw_geo_sfpd_cr_switrs_all_types_col_cty_union.fid-c18a0c2_186644fdb18_-311,52727,27173000.0,,200094360,37.7638487907,-122.470595085,SFPD-INTERIM DB,CITY STREET,02/07/2020 08:45:00 AM,2020 February 07,08:45:00,2020,February,Friday,IRVING ST,FUNSTON AVE,0.0,Clear,Injury (Other Visible),Vehicle/Pedestrian,Pedestrian,Crossing in Crosswalk at Intersection,Dry,No Unusual Condition,Daylight,Intersection <= 20ft,0.0,1,1.0,Driver,East,Making Left Turn,Pedestrian,North,Not Stated,POINT (-122.4706 37.763847),109.0,10.0,11.0,14.0,08
20392,vw_geo_sfpd_cr_switrs_all_types_col_cty_union.fid-c18a0c2_186644fdb18_-243,52443,20657000.0,10359000.0,200151647,37.7821249154,-122.396834033,SFPD-INTERIM DB,CITY STREET,02/29/2020 01:31:00 AM,2020 February 29,01:31:00,2020,February,Saturday,PERRY ST,03RD ST,3.0,Clear,Injury (Complaint of Pain),Vehicle/Pedestrian,Pedestrian,Crossing in Crosswalk at Intersection,Dry,No Unusual Condition,Dark - Street Lights,Intersection <= 20ft,0.0,1,1.0,Driver,West,Proceeding Straight,Pedestrian,South,Proceeding Straight,POINT (-122.396835 37.782124),32.0,1.0,10.0,8.0,01
20394,vw_geo_sfpd_cr_switrs_all_types_col_cty_union.fid-c18a0c2_186644fdb18_36f,53896,26028000.000000004,,200657582,37.7724179298,-122.43556332,SFPD-INTERIM DB,CITY STREET,10/31/2020 05:17:00 PM,2020 October 31,17:17:00,2020,October,Saturday,SCOTT ST,PAGE ST,0.0,Clear,Injury (Complaint of Pain),Vehicle/Pedestrian,Pedestrian,Crossing Not in Crosswalk,Dry,No Unusual Condition,Daylight,Intersection <= 20ft,0.0,1,1.0,Driver,North,Proceeding Straight,Pedestrian,East,Proceeding Straight,POINT (-122.43556 37.77242),26.0,4.0,11.0,3.0,17
20401,vw_geo_sfpd_cr_switrs_all_types_col_cty_union.fid-c18a0c2_186644fdb18_984,54741,33158000.0,,210129866,37.7281019741,-122.402209197,SFPD-INTERIM DB,CITY STREET,02/26/2021 07:27:00 PM,2021 February 26,19:27:00,2021,February,Friday,BAY SHORE BLVD,EGBERT AVE,0.0,Clear,Injury (Other Visible),Vehicle/Pedestrian,Pedestrian,Crossing in Crosswalk at Intersection,Dry,No Unusual Condition,Dark - Street Lights,Intersection <= 20ft,0.0,1,1.0,Driver,North,Proceeding Straight,Pedestrian,East,Proceeding Straight,POINT (-122.40221 37.728104),87.0,2.0,9.0,25.0,19
20406,vw_geo_sfpd_cr_switrs_all_types_col_cty_union.fid-c18a0c2_186644fdb18_-101,52894,28018000.0,,200273796,37.7836886121,-122.489289782,SFPD-INTERIM DB,CITY STREET,05/03/2020 02:39:00 PM,2020 May 03,14:39:00,2020,May,Sunday,CALIFORNIA ST,29TH AVE,0.0,Clear,Injury (Complaint of Pain),Head-On,Pedestrian,Crossing in Crosswalk at Intersection,Dry,No Unusual Condition,Daylight,Intersection <= 20ft,0.0,1,1.0,Driver,East,Stopped,Pedestrian,North,Stopped,POINT (-122.48929 37.783688),8.0,8.0,4.0,29.0,14