,id,unique_id,cnn_intrsctn_fkey,cnn_sgmt_fkey,case_id_pkey,tb_latitude,tb_longitude,geocode_source,geocode_location,collision_datetime,collision_date,collision_time,accident_year,month,day_of_week,primary_rd,secondary_rd,distance,weather_1,collision_severity,type_of_collision,mviw,ped_action,road_surface,road_cond_1,lighting,intersection,number_killed,number_injured,party_at_fault,party1_type,party1_dir_of_travel,party1_move_pre_acc,party2_type,party2_dir_of_travel,party2_move_pre_acc,point,Neighborhoods,Current Police Districts,Current Supervisor Districts,Analysis Neighborhoods,hour
25057,vw_geo_sfpd_cr_switrs_all_types_col_cty_union.fid-c18a0c2_186644fdb18_-4b9,52255,20530000.0,2832000.0,200012851,37.7327054354,-122.39386512,SFPD-INTERIM DB,CITY STREET,01/06/2020 07:08:00 AM,2020 January 06,07:08:00,2020,January,Monday,BAY VIEW ST,FLORA ST,77.0,Clear,Injury (Other Visible),Broadside,Pedestrian,Crossing Not in Crosswalk,Dry,No Unusual Condition,Daylight,Midblock > 20ft,0.0,1,1.0,Pedestrian,North,Other,Driver,East,Proceeding Straight,POINT (-122.39387 37.732704),87.0,2.0,9.0,1.0,07
25077,vw_geo_sfpd_cr_switrs_all_types_col_cty_union.fid-c18a0c2_186644fdb18_-502,52566,27881000.0,5949000.0,200004579,37.7716909581,-122.503438186,SFPD-INTERIM DB,CITY STREET,01/02/2020 06:01:00 PM,2020 January 02,18:01:00,2020,January,Thursday,FULTON ST,43RD AVE,10.0,Clear,Injury (Severe),Vehicle/Pedestrian,Pedestrian,Crossing in Crosswalk at Intersection,Dry,No Unusual Condition,Dark - Street Lights,Intersection <= 20ft,0.0,1,1.0,Pedestrian,South,Not Stated,Driver,West,Proceeding Straight,POINT (-122.50344 37.77169),9.0,8.0,4.0,12.0,18
25078,vw_geo_sfpd_cr_switrs_all_types_col_cty_union.fid-c18a0c2_186644fdb18_-414,52198,24174000.0,,200032865,37.7632997681,-122.421731522,SFPD-INTERIM DB,CITY STREET,01/13/2020 10:35:00 PM,2020 January 13,22:35:00,2020,January,Monday,VALENCIA ST,17TH ST,0.0,Raining,Injury (Complaint of Pain),Vehicle/Pedestrian,Pedestrian,Crossing in Crosswalk at Intersection,Wet,No Unusual Condition,Dark - Street Lights,Intersection <= 20ft,0.0,1,1.0,Driver,North,Making Left Turn,Pedestrian,North,Proceeding Straight,POINT (-122.42173 37.763298),53.0,3.0,2.0,20.0,22
25083,vw_geo_sfpd_cr_switrs_all_types_col_cty_union.fid-c18a0c2_186644fdb18_836,54628,23944000.0,,210036023,37.7814995083,-122.404933347,SFPD-INTERIM DB,CITY STREET,01/16/2021 03:48:00 PM,2021 January 16,15:48:00,2021,January,Saturday,HOWARD ST,05TH ST,0.0,Clear,Injury (Other Visible),Vehicle/Pedestrian,Pedestrian,Crossing in Crosswalk at Intersection,Dry,No Unusual Condition,Daylight,Intersection <= 20ft,0.0,1,1.0,Pedestrian,South,Other,Driver,West,Proceeding Straight,POINT (-122.40493 37.781498),32.0,1.0,10.0,34.0,15
25102,vw_geo_sfpd_cr_switrs_all_types_col_cty_union.fid-c18a0c2_186644fdb18_c67,55617,23990000.0,,210361682,37.7525060654,-122.414086032,SFPD-INTERIM DB,CITY STREET,06/10/2021 06:00:00 PM,2021 June 10,18:00:00,2021,June,Thursday,FOLSOM ST,24TH ST,0.0,Clear,Injury (Complaint of Pain),Head-On,Pedestrian,Crossing in Crosswalk at Intersection,Dry,No Unusual Condition,Daylight,Intersection <= 20ft,0.0,2,1.0,Driver,North,Making Right Turn,Pedestrian,East,Proceeding Straight,POINT (-122.414085 37.752506),53.0,3.0,2.0,20.0,18
25105,vw_geo_sfpd_cr_switrs_all_types_col_cty_union.fid-c18a0c2_186644fdb18_-48d,29438,25196000.0,5816000.0,170648033,37.7845780437102,-122.422844519009,SFPD-CROSSROADS,CITY STREET,08/09/2017 01:33:00 PM,2017 August 09,13:33:00,2017,August,Wednesday,FRANKLIN ST,STARR KING WAY,12.0,Cloudy,Injury (Complaint of Pain),Vehicle/Pedestrian,Pedestrian,Crossing in Crosswalk at Intersection,Dry,No Unusual Condition,Daylight,Intersection <= 20ft,0.0,1,,Driver,North,Making Left Turn,Pedestrian,West,Proceeding Straight,POINT (-122.422844 37.784576),100.0,4.0,11.0,39.0,13
25107,vw_geo_sfpd_cr_switrs_all_types_col_cty_union.fid-c18a0c2_186644fdb18_3fd,54211,26379000.0,5895000.0,200697685,37.7758841171,-122.445821783,SFPD-INTERIM DB,CITY STREET,11/18/2020 05:00:00 PM,2020 November 18,17:00:00,2020,November,Wednesday,FULTON ST,MASONIC AVE,190.0,Clear,Injury (Severe),Vehicle/Pedestrian,Pedestrian,Crossing Not in Crosswalk,Dry,No Unusual Condition,Dusk - Dawn,Midblock > 20ft,0.0,1,1.0,Pedestrian,South,Entering Traffic,Driver,West,Proceeding Straight,POINT (-122.44582 37.775883),24.0,7.0,11.0,18.0,17
25111,vw_geo_sfpd_cr_switrs_all_types_col_cty_union.fid-c18a0c2_186644fdb18_-350,52154,25941000.0,,200076744,37.7796735862,-122.423541307,SFPD-INTERIM DB,CITY STREET,01/31/2020 05:26:00 AM,2020 January 31,05:26:00,2020,January,Friday,GOUGH ST,MCALLISTER ST,0.0,Fog,Injury (Other Visible),Vehicle/Pedestrian,Pedestrian,Crossing in Crosswalk at Intersection,Dry,No Unusual Condition,Dark - Street Lights,Intersection <= 20ft,0.0,1,1.0,Driver,East,Making Right Turn,Pedestrian,West,Proceeding Straight,POINT (-122.42354 37.779675),21.0,4.0,11.0,39.0,05
25114,vw_geo_sfpd_cr_switrs_all_types_col_cty_union.fid-c18a0c2_186644fdb18_8fb,54920,24933000.0,12720000.0,210086131,37.782514734,-122.416244399,SFPD-INTERIM DB,CITY STREET,02/07/2021 02:59:00 PM,2021 February 07,14:59:00,2021,February,Sunday,TURK ST,HYDE ST,161.0,Clear,Injury (Other Visible),Vehicle/Pedestrian,Pedestrian,"In Road, Including Shoulder",Dry,No Unusual Condition,Daylight,Midblock > 20ft,0.0,1,1.0,Driver,East,Backing,Pedestrian,South,Proceeding Straight,POINT (-122.416245 37.782516),20.0,5.0,10.0,36.0,14
25152,vw_geo_sfpd_cr_switrs_all_types_col_cty_union.fid-c18a0c2_186644fdb18_-620,37247,23055000.0,,140874707,37.7207728013386,-122.477020858991,SFPD-CROSSROADS,CITY STREET,10/16/2014 08:07:00 AM,2014 October 16,08:07:00,2014,October,Thursday,HOLLOWAY AVE,CARDENAS AVE,0.0,Clear,Injury (Severe),Vehicle/Pedestrian,Pedestrian,Crossing in Crosswalk at Intersection,Dry,No Unusual Condition,Daylight,Intersection <= 20ft,0.0,1,1.0,Driver,East,Proceeding Straight,Pedestrian,North,Proceeding Straight,POINT (-122.47702 37.72077),42.0,10.0,8.0,16.0,08
25160,vw_geo_sfpd_cr_switrs_all_types_col_cty_union.fid-c18a0c2_186644fdb18_f9e,41374,27719000.0,,130192246,37.7649288570036,-122.48904208358,SFPD-CROSSROADS,CITY STREET,03/07/2013 08:15:00 AM,2013 March 07,08:15:00,2013,March,Thursday,30TH AVE,LINCOLN WAY,0.0,Clear,Injury (Complaint of Pain),Vehicle/Pedestrian,Pedestrian,Crossing in Crosswalk at Intersection,Dry,No Unusual Condition,Daylight,Intersection <= 20ft,0.0,1,1.0,Driver,West,Making Right Turn,Pedestrian,West,Proceeding Straight,POINT (-122.489044 37.76493),9.0,10.0,4.0,12.0,08
25163,vw_geo_sfpd_cr_switrs_all_types_col_cty_union.fid-c18a0c2_186644fdb18_-2d8,52267,25335000.0,,200113089,37.7985713238,-122.408808129,SFPD-INTERIM DB,CITY STREET,02/14/2020 01:25:00 PM,2020 February 14,13:25:00,2020,February,Friday,VALLEJO ST,STOCKTON ST,0.0,Clear,Injury (Other Visible),Vehicle/Pedestrian,Pedestrian,Crossing in Crosswalk at Intersection,Dry,No Unusual Condition,Daylight,Intersection <= 20ft,0.0,1,1.0,Pedestrian,East,Proceeding Straight,Driver,South,Making Right Turn,POINT (-122.408806 37.798573),106.0,6.0,3.0,6.0,13
25165,vw_geo_sfpd_cr_switrs_all_types_col_cty_union.fid-c18a0c2_186644fdb18_89b,54654,27110000.0,,210064416,37.7583976373,-122.466992603,SFPD-INTERIM DB,CITY STREET,01/29/2021 12:14:00 PM,2021 January 29,12:14:00,2021,January,Friday,LAWTON ST,10TH AVE,0.0,Cloudy,Injury (Complaint of Pain),Vehicle/Pedestrian,Pedestrian,Crossing in Crosswalk at Intersection,Wet,No Unusual Condition,Daylight,Intersection <= 20ft,0.0,1,1.0,Driver,East,Making Right Turn,Pedestrian,North,Proceeding Straight,POINT (-122.466995 37.758396),44.0,10.0,8.0,14.0,12
25169,vw_geo_sfpd_cr_switrs_all_types_col_cty_union.fid-c18a0c2_186644fdb18_c3d,55265,24315000.0,,210348997,37.7792116855,-122.410936574,SFPD-INTERIM DB,CITY STREET,06/05/2021 03:00:00 PM,2021 June 05,15:00:00,2021,June,Saturday,07TH ST,MISSION ST,0.0,Clear,Injury (Other Visible),Vehicle/Pedestrian,Pedestrian,Crossing in Crosswalk at Intersection,Dry,No Unusual Condition,Daylight,Intersection <= 20ft,0.0,1,1.0,Driver,North,Making Left Turn,Pedestrian,West,Proceeding Straight,POINT (-122.410934 37.779213),32.0,1.0,10.0,34.0,15
25173,vw_geo_sfpd_cr_switrs_all_types_col_cty_union.fid-c18a0c2_186644fdb18_ce2,57204,24466000.0,,210393958,37.7800746966604,-122.420247183914,SFPD-INTERIM DB,CITY STREET,06/23/2021 07:54:00 PM,2021 June 23,19:54:00,2021,June,Wednesday,VAN NESS AVE,MCALLISTER ST,0.0,Clear,Injury (Other Visible),Broadside,Pedestrian,Crossing in Crosswalk at Intersection,Dry,No Unusual Condition,Daylight,Intersection <= 20ft,0.0,2,1.0,Driver,North,Proceeding Straight,Pedestrian,West,Proceeding Straight,POINT (-122.42025 37.780075),21.0,4.0,11.0,39.0,19
25187,vw_geo_sfpd_cr_switrs_all_types_col_cty_union.fid-c18a0c2_186644fdb18_16f,53411,25779000.0,,200497952,37.7575567378,-122.436886397,SFPD-INTERIM DB,CITY STREET,08/18/2020 08:08:00 PM,2020 August 18,20:08:00,2020,August,Tuesday,DIAMOND ST,20TH ST,0.0,Clear,Injury (Other Visible),Vehicle/Pedestrian,Pedestrian,Crossing in Crosswalk at Intersection,Dry,No Unusual Condition,Dark - Street Lights,Intersection <= 20ft,0.0,2,1.0,Driver,South,Making Left Turn,Pedestrian,East,Proceeding Straight,POINT (-122.43689 37.757557),115.0,3.0,5.0,5.0,20
25195,vw_geo_sfpd_cr_switrs_all_types_col_cty_union.fid-c18a0c2_186644fdb18_311,53981,27274000.000000004,,200634085,37.7771853061,-122.465068461,SFPD-INTERIM DB,CITY STREET,10/20/2020 08:25:00 PM,2020 October 20,20:25:00,2020,October,Tuesday,07TH AVE,BALBOA ST,0.0,Clear,Injury (Other Visible),Vehicle/Pedestrian,Pedestrian,"In Road, Including Shoulder",Dry,No Unusual Condition,Dark - Street Lights,Intersection <= 20ft,0.0,1,2.0,Driver,West,Proceeding Straight,Pedestrian,North,Not Stated,POINT (-122.465065 37.777184),5.0,8.0,4.0,11.0,20
25227,vw_geo_sfpd_cr_switrs_all_types_col_cty_union.fid-c18a0c2_186644fdb18_579,15782,24313000.000000004,,161005365,37.7762305203006,-122.414711003362,SFPD-CROSSROADS,CITY STREET,12/11/2016 03:53:00 PM,2016 December 11,15:53:00,2016,December,Sunday,MISSION ST,09TH ST,0.0,Cloudy,Injury (Other Visible),Vehicle/Pedestrian,Pedestrian,Crossing in Crosswalk at Intersection,Dry,No Unusual Condition,Daylight,Intersection <= 20ft,0.0,1,1.0,Driver,West,Making Left Turn,Pedestrian,North,Proceeding Straight,POINT (-122.41471 37.77623),32.0,1.0,10.0,34.0,15
25246,vw_geo_sfpd_cr_switrs_all_types_col_cty_union.fid-c18a0c2_186644fdb18_-1bf,52492,25156000.0,10636000.0,200193354,37.7872538857,-122.41657037,SFPD-INTERIM DB,CITY STREET,03/16/2020 05:15:00 PM,2020 March 16,17:15:00,2020,March,Monday,POST ST,HYDE ST,20.0,Clear,Injury (Complaint of Pain),Vehicle/Pedestrian,Pedestrian,Not in Road,Dry,No Unusual Condition,Daylight,Intersection <= 20ft,0.0,1,1.0,Driver,East,Making Left Turn,Pedestrian,East,Proceeding Straight,POINT (-122.41657 37.787254),50.0,6.0,3.0,21.0,17
25262,vw_geo_sfpd_cr_switrs_all_types_col_cty_union.fid-c18a0c2_186644fdb18_-483,37475,22629000.0,9825101.0,170989611,37.7242999611317,-122.458167836643,SFPD-CROSSROADS,CITY STREET,12/07/2017 08:27:00 AM,2017 December 07,08:27:00,2017,December,Thursday,OCEAN AVE,MIRAMAR AVE,10.0,Clear,Fatal,Vehicle/Pedestrian,Pedestrian,Crossing in Crosswalk at Intersection,Dry,No Unusual Condition,Daylight,Intersection <= 20ft,1.0,0,1.0,Driver,East,Making Left Turn,Pedestrian,North,Not Stated,POINT (-122.45817 37.7243),64.0,10.0,8.0,24.0,08
25272,vw_geo_sfpd_cr_switrs_all_types_col_cty_union.fid-c18a0c2_186644fdb18_-3af,52619,22223000.0,,200052631,37.7234570073,-122.454115753,SFPD-INTERIM DB,CITY STREET,01/21/2020 05:47:00 PM,2020 January 21,17:47:00,2020,January,Tuesday,OCEAN AVE,LEE AVE,0.0,Raining,Injury (Other Visible),Vehicle/Pedestrian,Pedestrian,Crossing in Crosswalk at Intersection,Wet,No Unusual Condition,Dark - Street Lights,Intersection <= 20ft,0.0,1,1.0,Driver,East,Making Left Turn,Pedestrian,South,Proceeding Straight,POINT (-122.45412 37.723457),64.0,10.0,8.0,24.0,17
25280,vw_geo_sfpd_cr_switrs_all_types_col_cty_union.fid-c18a0c2_186644fdb18_-301,52216,27127000.0,532000.0,200097853,37.7552585192,-122.468921084,SFPD-INTERIM DB,CITY STREET,02/08/2020 01:50:00 PM,2020 February 08,13:50:00,2020,February,Saturday,12TH AVE,NORIEGA ST,15.0,Clear,Injury (Severe),Vehicle/Pedestrian,Pedestrian,"In Road, Including Shoulder",Dry,No Unusual Condition,Daylight,Intersection <= 20ft,0.0,1,1.0,Driver,North,Backing,Pedestrian,South,Stopped,POINT (-122.46892 37.755257),44.0,10.0,8.0,14.0,13
25281,vw_geo_sfpd_cr_switrs_all_types_col_cty_union.fid-c18a0c2_186644fdb18_b55,55162,23941000.0,,210278162,37.7785051048,-122.405615267,SFPD-INTERIM DB,CITY STREET,05/06/2021 07:30:00 PM,2021 May 06,19:30:00,2021,May,Thursday,06TH ST,FOLSOM ST,0.0,Clear,Injury (Severe),Sideswipe,Pedestrian,Crossing in Crosswalk at Intersection,Dry,No Unusual Condition,Daylight,Intersection <= 20ft,0.0,1,1.0,Driver,South,Proceeding Straight,Pedestrian,East,Proceeding Straight,POINT (-122.40562 37.778503),32.0,1.0,10.0,34.0,19
25348,vw_geo_sfpd_cr_switrs_all_types_col_cty_union.fid-c18a0c2_186644fdb18_250d,17082,30742000.0,,180039927,37.7804785122,-122.412512256,SFPD-INTERIM DB,CITY STREET,01/15/2018 08:33:00 PM,2018 January 15,20:33:00,2018,January,Monday,MARKET ST,07TH ST,0.0,Clear,Injury (Other Visible),Vehicle/Pedestrian,Pedestrian,Crossing in Crosswalk at Intersection,Dry,No Unusual Condition,Dark - Street Lights,Intersection <= 20ft,0.0,1,1.0,Driver,North,Proceeding Straight,Pedestrian,East,Proceeding Straight,POINT (-122.41251 37.78048),32.0,5.0,10.0,34.0,20
25408,vw_geo_sfpd_cr_switrs_all_types_col_cty_union.fid-c18a0c2_186644fdb18_16ff,24690,30739000.0,,140477931,37.7839914868634,-122.408066547888,SFPD-CROSSROADS,CITY STREET,06/08/2014 08:36:00 PM,2014 June 08,20:36:00,2014,June,Sunday,MARKET ST,CYRIL MAGNIN ST,0.0,Clear,Injury (Severe),Vehicle/Pedestrian,Pedestrian,Crossing in Crosswalk at Intersection,Dry,No Unusual Condition,Dark - Street Lights,Intersection <= 20ft,0.0,1,1.0,Driver,East,Proceeding Straight,Pedestrian,North,Not Stated,POINT (-122.408066 37.783993),19.0,5.0,10.0,34.0,20
25417,vw_geo_sfpd_cr_switrs_all_types_col_cty_union.fid-c18a0c2_186644fdb18_209c,47171,24898000.0,8749201.0,190468275,37.7831827119,-122.409160747,SFPD-INTERIM DB,CITY STREET,06/28/2019 06:38:00 PM,2019 June 28,18:38:00,2019,June,Friday,MARKET ST,MASON ST,74.0,Clear,Injury (Complaint of Pain),Vehicle/Pedestrian,Pedestrian,Crossing Not in Crosswalk,Dry,No Unusual Condition,Daylight,Midblock > 20ft,0.0,1,1.0,Pedestrian,South,Not Stated,Driver,East,Proceeding Straight,POINT (-122.409164 37.783184),20.0,5.0,10.0,36.0,18
25735,vw_geo_sfpd_cr_switrs_all_types_col_cty_union.fid-c18a0c2_186644fdb18_24ad,16325,23937000.0,298000.0,140194420,37.7802828823277,-122.403409228025,SFPD-CROSSROADS,CITY STREET,03/06/2014 09:07:00 PM,2014 March 06,21:07:00,2014,March,Thursday,05TH ST,FOLSOM ST,9.0,Clear,Injury (Complaint of Pain),Vehicle/Pedestrian,Pedestrian,Crossing in Crosswalk at Intersection,Dry,No Unusual Condition,Dark - Street Lights,Intersection <= 20ft,0.0,1,1.0,Pedestrian,West,Proceeding Straight,Driver,South,Proceeding Straight,POINT (-122.40341 37.78028),32.0,1.0,10.0,34.0,21
25810,vw_geo_sfpd_cr_switrs_all_types_col_cty_union.fid-c18a0c2_186644fdb18_2454,15237,23889000.0,,140658335,37.777799010891,-122.400297759207,SFPD-CROSSROADS,CITY STREET,08/07/2014 08:35:00 PM,2014 August 07,20:35:00,2014,August,Thursday,BRYANT ST,05TH ST,0.0,Clear,Injury (Complaint of Pain),Vehicle/Pedestrian,Pedestrian,Crossing in Crosswalk at Intersection,Dry,No Unusual Condition,Dark - Street Lights,Intersection <= 20ft,0.0,1,1.0,Driver,East,Making Right Turn,Pedestrian,North,Proceeding Straight,POINT (-122.4003 37.777798),32.0,1.0,10.0,34.0,20
25891,vw_geo_sfpd_cr_switrs_all_types_col_cty_union.fid-c18a0c2_186644fdb18_2321,11861,24170000.0,9116000.0,180504760,37.764859538,-122.419650499,SFPD-INTERIM DB,CITY STREET,07/07/2018 07:44:00 PM,2018 July 07,19:44:00,2018,July,Saturday,MISSION ST,16TH ST,70.0,Clear,Fatal,Vehicle/Pedestrian,Pedestrian,Crossing Not in Crosswalk,Dry,No Unusual Condition,Daylight,Midblock > 20ft,1.0,0,1.0,Pedestrian,West,Entering Traffic,Driver,South,Proceeding Straight,POINT (-122.41965 37.76486),53.0,3.0,2.0,20.0,19
26197,vw_geo_sfpd_cr_switrs_all_types_col_cty_union.fid-c18a0c2_186644fdb18_26d3,43940,27537000.000000004,,150075650,37.7802802384633,-122.480450628542,SFPD-CROSSROADS,CITY STREET,01/25/2015 08:52:00 AM,2015 January 25,08:52:00,2015,January,Sunday,GEARY BLVD,21ST AVE,0.0,Clear,Injury (Complaint of Pain),Vehicle/Pedestrian,Pedestrian,Crossing in Crosswalk at Intersection,Dry,No Unusual Condition,Daylight,Intersection <= 20ft,0.0,1,1.0,Driver,North,Backing,Pedestrian,South,Proceeding Straight,POINT (-122.48045 37.78028),8.0,8.0,4.0,29.0,08
26507,vw_geo_sfpd_cr_switrs_all_types_col_cty_union.fid-c18a0c2_186644fdb18_1c84,36482,33436000.0,,150101982,37.7114225418425,-122.463030027835,SFPD-CROSSROADS,CITY STREET,02/02/2015 07:42:00 PM,2015 February 02,19:42:00,2015,February,Monday,ALEMANY BLVD,BROTHERHOOD WAY,0.0,Clear,Injury (Other Visible),Vehicle/Pedestrian,Pedestrian,Crossing Not in Crosswalk,Snowy or Icy,No Unusual Condition,Dark - Street Lights,Intersection <= 20ft,0.0,1,1.0,Pedestrian,South,Proceeding Straight,Driver,East,Proceeding Straight,POINT (-122.46303 37.711422),65.0,10.0,8.0,24.0,19
26609,vw_geo_sfpd_cr_switrs_all_types_col_cty_union.fid-c18a0c2_186644fdb18_1e7a,40943,27369000.0,,180097248,37.761653158,-122.478061977,SFPD-INTERIM DB,CITY STREET,02/05/2018 07:56:00 PM,2018 February 05,19:56:00,2018,February,Monday,JUDAH ST,20TH AVE,0.0,Clear,Injury (Severe),Vehicle/Pedestrian,Pedestrian,Crossing in Crosswalk at Intersection,Dry,No Unusual Condition,Dark - Street Lights,Intersection <= 20ft,0.0,1,1.0,Driver,North,Proceeding Straight,Pedestrian,South,Other,POINT (-122.478065 37.761654),39.0,10.0,7.0,35.0,19
26805,vw_geo_sfpd_cr_switrs_all_types_col_cty_union.fid-c18a0c2_186644fdb18_243e,14945,23837000.0,3284000.0,170106207,37.7803821003418,-122.397029234329,SFPD-CROSSROADS,CITY STREET,02/06/2017 06:24:00 PM,2017 February 06,18:24:00,2017,February,Monday,BRYANT ST,ZOE ST,75.0,Raining,Injury (Severe),Vehicle/Pedestrian,Pedestrian,"In Road, Including Shoulder",Wet,No Unusual Condition,Dark - Street Lights,Midblock > 20ft,0.0,1,1.0,Pedestrian,East,Other,Driver,East,Not Stated,POINT (-122.397026 37.78038),32.0,1.0,10.0,34.0,18
27598,vw_geo_sfpd_cr_switrs_all_types_col_cty_union.fid-c18a0c2_186644fdb18_21d6,6293,21175000.0,5704000.0,180666956,37.746333971,-122.413490481,SFPD-INTERIM DB,CITY STREET,09/03/2018 08:04:00 PM,2018 September 03,20:04:00,2018,September,Monday,FOLSOM ST,BESSIE ST,158.0,Clear,Injury (Other Visible),Vehicle/Pedestrian,Pedestrian,Crossing Not in Crosswalk,Dry,No Unusual Condition,Dark - Street Lights,Midblock > 20ft,0.0,1,1.0,Pedestrian,East,Proceeding Straight,Driver,South,Proceeding Straight,POINT (-122.41349 37.746334),83.0,9.0,2.0,2.0,20
27807,vw_geo_sfpd_cr_switrs_all_types_col_cty_union.fid-c18a0c2_186644fdb18_1c83,36467,22528000.0,,130400914,37.7105934394603,-122.469288460164,SFPD-CROSSROADS,CITY STREET,05/15/2013 09:10:00 PM,2013 May 15,21:10:00,2013,May,Wednesday,ALEMANY BLVD,SAINT CHARLES AVE,0.0,Clear,Injury (Other Visible),Vehicle/Pedestrian,Pedestrian,Crossing in Crosswalk at Intersection,Dry,No Unusual Condition,Dark - Street Lights,Intersection <= 20ft,0.0,1,1.0,Driver,South,Proceeding Straight,Pedestrian,South,Proceeding Straight,POINT (-122.46929 37.710594),65.0,10.0,8.0,24.0,21
28056,vw_geo_sfpd_cr_switrs_all_types_col_cty_union.fid-c18a0c2_186644fdb18_1d0e,37159,33491000.0,,170119238,37.720051340087,-122.47610991519,SFPD-CROSSROADS,CITY STREET,02/10/2017 08:20:00 PM,2017 February 10,20:20:00,2017,February,Friday,VARELA AVE,SERRANO DR,0.0,Clear,Injury (Complaint of Pain),Vehicle/Pedestrian,Pedestrian,Crossing in Crosswalk at Intersection,Dry,No Unusual Condition,Dark - Street Lights,Intersection <= 20ft,0.0,1,1.0,Driver,South,Proceeding Straight,Pedestrian,East,Proceeding Straight,POINT (-122.47611 37.72005),42.0,10.0,8.0,16.0,20
28118,vw_geo_sfpd_cr_switrs_all_types_col_cty_union.fid-c18a0c2_186644fdb18_1845,29497,26512000.000000004,7960000.0,170138517,37.782916879959,-122.427570334254,SFPD-CROSSROADS,CITY STREET,02/17/2017 08:22:00 PM,2017 February 17,20:22:00,2017,February,Friday,LAGUNA ST,ELLIS ST,25.0,Raining,Injury (Other Visible),Vehicle/Pedestrian,Pedestrian,Crossing in Crosswalk at Intersection,Wet,No Unusual Condition,Dark - Street Lights,Midblock > 20ft,0.0,2,1.0,Driver,South,Proceeding Straight,Pedestrian,East,Proceeding Straight,POINT (-122.42757 37.782917),100.0,4.0,11.0,39.0,20
28140,vw_geo_sfpd_cr_switrs_all_types_col_cty_union.fid-c18a0c2_186644fdb18_1f23,43097,27274000.000000004,,170926271,37.7771853054237,-122.465068460624,SFPD-CROSSROADS,CITY STREET,11/13/2017 07:01:00 PM,2017 November 13,19:01:00,2017,November,Monday,BALBOA ST,07TH AVE,0.0,Clear,Injury (Severe),Vehicle/Pedestrian,Pedestrian,Crossing Not in Crosswalk,Dry,No Unusual Condition,Dark - Street Lights,Intersection <= 20ft,0.0,1,1.0,Pedestrian,North,Not Stated,Driver,West,Proceeding Straight,POINT (-122.465065 37.777184),5.0,8.0,4.0,11.0,19
28254,vw_geo_sfpd_cr_switrs_all_types_col_cty_union.fid-c18a0c2_186644fdb18_1c9f,26417,24951000.0,12434000.0,130061710,37.7880348104514,-122.411730007525,SFPD-CROSSROADS,CITY STREET,01/22/2013 06:21:00 PM,2013 January 22,18:21:00,2013,January,Tuesday,TAYLOR ST,POST ST,60.0,Clear,Fatal,Vehicle/Pedestrian,Pedestrian,"In Road, Including Shoulder",Dry,No Unusual Condition,Dark - Street Lights,Midblock > 20ft,1.0,0,1.0,Driver,South,Stopped In Road,Parked Vehicle,North,Parked,POINT (-122.41173 37.788036),50.0,6.0,3.0,21.0,18
28397,vw_geo_sfpd_cr_switrs_all_types_col_cty_union.fid-c18a0c2_186644fdb18_1e80,40997,27421000.0,,160249033,37.7633258068395,-122.482482532375,SFPD-CROSSROADS,CITY STREET,03/24/2016 07:20:00 PM,2016 March 24,19:20:00,2016,March,Thursday,IRVING ST,24TH AVE,0.0,Clear,Injury (Other Visible),Rear End,Pedestrian,Not in Road,Dry,No Unusual Condition,Dark - Street Lights,Intersection <= 20ft,0.0,1,1.0,Bicyclist,East,Proceeding Straight,Pedestrian,East,Proceeding Straight,POINT (-122.48248 37.763325),39.0,10.0,7.0,35.0,19
28641,vw_geo_sfpd_cr_switrs_all_types_col_cty_union.fid-c18a0c2_186644fdb18_1721,25137,25144000.000000004,7117000.0,180392991,37.7842589453,-122.416033235,SFPD-INTERIM DB,CITY STREET,05/26/2018 08:00:00 PM,2018 May 26,20:00:00,2018,May,Saturday,HYDE ST,ELLIS ST,70.0,Clear,Injury (Other Visible),Head-On,Pedestrian,Crossing Not in Crosswalk,Dry,No Unusual Condition,Dark - Street Lights,Midblock > 20ft,0.0,1,1.0,Pedestrian,East,Entering Traffic,Driver,South,Proceeding Straight,POINT (-122.41603 37.78426),20.0,5.0,10.0,36.0,20
28807,vw_geo_sfpd_cr_switrs_all_types_col_cty_union.fid-c18a0c2_186644fdb18_22ae,10558,24119000.0,13069000.0,130303186,37.7568793016905,-122.421115372492,SFPD-CROSSROADS,CITY STREET,04/13/2013 08:14:00 PM,2013 April 13,20:14:00,2013,April,Saturday,VALENCIA ST,21ST ST,8.0,Clear,Injury (Other Visible),Vehicle/Pedestrian,Pedestrian,"In Road, Including Shoulder",Dry,No Unusual Condition,Daylight,Intersection <= 20ft,0.0,2,1.0,Pedestrian,East,Proceeding Straight,Bicyclist,North,Proceeding Straight,POINT (-122.42111 37.756878),53.0,3.0,2.0,20.0,20
28831,vw_geo_sfpd_cr_switrs_all_types_col_cty_union.fid-c18a0c2_186644fdb18_1c6a,25122,24936000.0,5174000.0,130294466,37.7847995573031,-122.41324002059,SFPD-CROSSROADS,CITY STREET,04/10/2013 09:57:00 PM,2013 April 10,21:57:00,2013,April,Wednesday,ELLIS ST,JONES ST,135.0,Clear,Injury (Complaint of Pain),Vehicle/Pedestrian,Pedestrian,Crossing Not in Crosswalk,Dry,No Unusual Condition,Dark - Street Lights,Midblock > 20ft,0.0,1,1.0,Pedestrian,North,Entering Traffic,Driver,East,Proceeding Straight,POINT (-122.41324 37.784798),20.0,5.0,10.0,36.0,21