,id,unique_id,cnn_intrsctn_fkey,cnn_sgmt_fkey,case_id_pkey,tb_latitude,tb_longitude,geocode_source,geocode_location,collision_datetime,collision_date,collision_time,accident_year,month,day_of_week,primary_rd,secondary_rd,distance,weather_1,collision_severity,type_of_collision,mviw,ped_action,road_surface,road_cond_1,lighting,intersection,number_killed,number_injured,party_at_fault,party1_type,party1_dir_of_travel,party1_move_pre_acc,party2_type,party2_dir_of_travel,party2_move_pre_acc,point,Neighborhoods,Current Police Districts,Current Supervisor Districts,Analysis Neighborhoods,hour
51865,vw_geo_sfpd_cr_switrs_all_types_col_cty_union.fid-c18a0c2_186644fdb18_75ce,56551,26508000.000000004,3551000.0,210766060,37.7899549266816,-122.425592120709,SFPD-INTERIM DB,CITY STREET,11/20/2021 10:55:00 AM,2021 November 20,10:55:00,2021,November,Saturday,CALIFORNIA ST,GOUGH ST,7.0,Clear,Injury (Complaint of Pain),Vehicle/Pedestrian,Pedestrian,Crossing in Crosswalk at Intersection,Dry,No Unusual Condition,Daylight,Intersection <= 20ft,0.0,1,1.0,Driver,East,Making Left Turn,Pedestrian,North,Proceeding Straight,POINT (-122.42559 37.789955),102.0,4.0,6.0,39.0,10
51877,vw_geo_sfpd_cr_switrs_all_types_col_cty_union.fid-c18a0c2_186644fdb18_7c21,30218,26501000.0,10643000.0,140451220,37.786194537185,-122.424873523596,SFPD-CROSSROADS,CITY STREET,05/30/2014 12:57:00 PM,2014 May 30,12:57:00,2014,May,Friday,POST ST,GOUGH ST,4.0,Clear,Injury (Other Visible),Vehicle/Pedestrian,Pedestrian,Crossing in Crosswalk at Intersection,Dry,No Unusual Condition,Daylight,Intersection <= 20ft,0.0,1,1.0,Driver,West,Making Right Turn,Pedestrian,North,Other,POINT (-122.42487 37.786194),100.0,4.0,11.0,15.0,12
51879,vw_geo_sfpd_cr_switrs_all_types_col_cty_union.fid-c18a0c2_186644fdb18_798b,58896,25172000.0,8132000.0,220622719,37.786473539226,-122.418160807645,SFPD-INTERIM DB,CITY STREET,09/12/2022 03:17:00 PM,2022 September 12,15:17:00,2022,September,Monday,LARKIN ST,CEDAR ST,34.0,Clear,Injury (Complaint of Pain),Vehicle/Pedestrian,Pedestrian,Crossing Not in Crosswalk,Dry,No Unusual Condition,Daylight,Midblock > 20ft,0.0,2,1.0,Pedestrian,East,Proceeding Straight,Bicyclist,South,Traveling Wrong Way,POINT (-122.41816 37.786472),50.0,6.0,10.0,36.0,15
51902,vw_geo_sfpd_cr_switrs_all_types_col_cty_union.fid-c18a0c2_18688566ec8_-7f3c,29756,26590000.0,6041203.0,130406887,37.7843664392013,-122.432925867057,SFPD-CROSSROADS,CITY STREET,05/17/2013 07:06:00 PM,2013 May 17,19:06:00,2013,May,Friday,GEARY BLVD,FILLMORE ST,10.0,Clear,Injury (Complaint of Pain),Vehicle/Pedestrian,Pedestrian,Crossing in Crosswalk at Intersection,Dry,No Unusual Condition,Daylight,Intersection <= 20ft,0.0,1,1.0,Driver,West,Making Left Turn,Pedestrian,South,Proceeding Straight,POINT (-122.43292 37.784367),103.0,4.0,11.0,15.0,19
51904,vw_geo_sfpd_cr_switrs_all_types_col_cty_union.fid-c18a0c2_186644fdb18_7608,56877,27078000.0,,210795796,37.7623157697693,-122.46297200116,SFPD-INTERIM DB,CITY STREET,12/02/2021 02:00:00 PM,2021 December 02,14:00:00,2021,December,Thursday,06TH AVE,JUDAH ST,0.0,Clear,Injury (Other Visible),Vehicle/Pedestrian,Pedestrian,Crossing in Crosswalk at Intersection,Dry,No Unusual Condition,Daylight,Intersection <= 20ft,0.0,1,1.0,Driver,South,Making Left Turn,Pedestrian,East,Proceeding Straight,POINT (-122.462975 37.762318),109.0,7.0,11.0,14.0,14
51930,vw_geo_sfpd_cr_switrs_all_types_col_cty_union.fid-c18a0c2_18688566ec8_-7dd2,28940,25176000.0,5064000.0,130116177,37.7831371931942,-122.418899287323,SFPD-CROSSROADS,CITY STREET,02/09/2013 06:46:00 PM,2013 February 09,18:46:00,2013,February,Saturday,EDDY ST,POLK ST,83.0,Cloudy,Injury (Other Visible),Vehicle/Pedestrian,Pedestrian,Crossing Not in Crosswalk,Dry,No Unusual Condition,Dark - Street Lights,Midblock > 20ft,0.0,1,1.0,Pedestrian,South,Other,Driver,West,Proceeding Straight,POINT (-122.4189 37.78314),20.0,5.0,10.0,36.0,18
51933,vw_geo_sfpd_cr_switrs_all_types_col_cty_union.fid-c18a0c2_186644fdb18_7f59,43469,27284000.0,,180020299,37.7810189214,-122.46427917,SFPD-INTERIM DB,CITY STREET,01/08/2018 02:00:00 PM,2018 January 08,14:00:00,2018,January,Monday,GEARY BLVD,06TH AVE,0.0,Raining,Injury (Complaint of Pain),Vehicle/Pedestrian,Pedestrian,Crossing in Crosswalk at Intersection,Wet,No Unusual Condition,Daylight,Intersection <= 20ft,0.0,1,,Driver,West,Making Left Turn,Pedestrian,South,Stopped In Road,POINT (-122.46428 37.781017),5.0,8.0,4.0,11.0,14
51936,vw_geo_sfpd_cr_switrs_all_types_col_cty_union.fid-c18a0c2_18688566ec8_-7dd4,26177,24960000.0,,130556272,37.7867297451637,-122.413161444531,SFPD-CROSSROADS,CITY STREET,07/06/2013 09:30:00 PM,2013 July 06,21:30:00,2013,July,Saturday,JONES ST,GEARY ST,0.0,Clear,Injury (Complaint of Pain),Head-On,Pedestrian,Crossing Not in Crosswalk,Dry,No Unusual Condition,Dark - Street Lights,Intersection <= 20ft,0.0,1,1.0,Pedestrian,East,Making Left Turn,Driver,South,Proceeding Straight,POINT (-122.41316 37.786728),20.0,6.0,10.0,36.0,21
51941,vw_geo_sfpd_cr_switrs_all_types_col_cty_union.fid-c18a0c2_186644fdb18_76a2,57010,25222000.0,10568000.0,210855920,37.789604175732,-122.420490149067,SFPD-INTERIM DB,CITY STREET,12/27/2021 05:30:00 PM,2021 December 27,17:30:00,2021,December,Monday,POLK ST,PINE ST,6.0,Clear,Injury (Other Visible),Vehicle/Pedestrian,Pedestrian,Crossing in Crosswalk at Intersection,Dry,No Unusual Condition,Dark - Street Lights,Intersection <= 20ft,0.0,1,1.0,Driver,South,Making Left Turn,Pedestrian,West,Proceeding Straight,POINT (-122.42049 37.789604),50.0,4.0,3.0,21.0,17
51945,vw_geo_sfpd_cr_switrs_all_types_col_cty_union.fid-c18a0c2_186644fdb18_78c6,59123,24929000.0,5060000.0,220543795,37.7839889104875,-122.412151044871,SFPD-INTERIM DB,CITY STREET,08/14/2022 08:36:00 AM,2022 August 14,08:36:00,2022,August,Sunday,EDDY ST,JONES ST,130.0,Clear,Injury (Other Visible),Vehicle/Pedestrian,Pedestrian,Crossing Not in Crosswalk,Dry,No Unusual Condition,Daylight,Midblock > 20ft,0.0,1,1.0,Pedestrian,North,Proceeding Straight,Driver,East,Proceeding Straight,POINT (-122.41215 37.78399),20.0,5.0,10.0,36.0,08
51961,vw_geo_sfpd_cr_switrs_all_types_col_cty_union.fid-c18a0c2_186644fdb18_794b,59229,24131000.0,,220638142,37.7603010616349,-122.418118117402,SFPD-INTERIM DB,CITY STREET,09/18/2022 05:20:00 PM,2022 September 18,17:20:00,2022,September,Sunday,CAPP ST,19TH ST,0.0,Cloudy,Injury (Complaint of Pain),Head-On,Pedestrian,Crossing in Crosswalk Not at Intersection,Wet,No Unusual Condition,Daylight,Intersection <= 20ft,0.0,1,1.0,Driver,West,Proceeding Straight,Pedestrian,North,Proceeding Straight,POINT (-122.41812 37.7603),53.0,3.0,2.0,20.0,17
51970,vw_geo_sfpd_cr_switrs_all_types_col_cty_union.fid-c18a0c2_186644fdb18_7c4e,55576,20210000.0,10222000.0,210321410,37.7329252708,-122.389046322,SFPD-INTERIM DB,CITY STREET,05/25/2021 09:25:00 AM,2021 May 25,09:25:00,2021,May,Tuesday,PALOU AVE,LANE ST,4.0,Clear,Injury (Complaint of Pain),Vehicle/Pedestrian,Pedestrian,Crossing in Crosswalk at Intersection,Dry,No Unusual Condition,Daylight,Intersection <= 20ft,0.0,1,1.0,Driver,East,Proceeding Straight,Pedestrian,North,Proceeding Straight,POINT (-122.389046 37.732925),86.0,2.0,9.0,1.0,09
51976,vw_geo_sfpd_cr_switrs_all_types_col_cty_union.fid-c18a0c2_186644fdb18_7a69,58881,27191000.0,,220592394,37.7743088953789,-122.458371099769,SFPD-INTERIM DB,CITY STREET,09/01/2022 03:42:00 PM,2022 September 01,15:42:00,2022,September,Thursday,FULTON ST,ARGUELLO BLVD,0.0,Clear,Injury (Complaint of Pain),Vehicle/Pedestrian,Pedestrian,Crossing in Crosswalk at Intersection,Dry,No Unusual Condition,Daylight,Intersection <= 20ft,0.0,2,1.0,Driver,West,Making Right Turn,Pedestrian,South,Other,POINT (-122.458374 37.774307),9.0,8.0,4.0,12.0,15
51980,vw_geo_sfpd_cr_switrs_all_types_col_cty_union.fid-c18a0c2_186644fdb18_7ca8,35348,26973000.000000004,8462101.0,160497624,37.7991997232206,-122.440939012447,SFPD-CROSSROADS,CITY STREET,06/19/2016 12:31:00 PM,2016 June 19,12:31:00,2016,June,Sunday,LOMBARD ST,SCOTT ST,14.0,Clear,Injury (Complaint of Pain),Vehicle/Pedestrian,Pedestrian,Not in Road,Dry,No Unusual Condition,Daylight,Intersection <= 20ft,0.0,1,1.0,Driver,South,Making Left Turn,Driver,East,Proceeding Straight,POINT (-122.44094 37.7992),14.0,4.0,6.0,13.0,12
51982,vw_geo_sfpd_cr_switrs_all_types_col_cty_union.fid-c18a0c2_186644fdb18_788d,55334,25089000.0,,210392411,37.790672784,-122.412266187,SFPD-INTERIM DB,CITY STREET,06/23/2021 11:20:00 AM,2021 June 23,11:20:00,2021,June,Wednesday,TAYLOR ST,PINE ST,0.0,Clear,Injury (Other Visible),Sideswipe,Pedestrian,Crossing in Crosswalk at Intersection,Dry,No Unusual Condition,Daylight,Intersection <= 20ft,0.0,1,1.0,Driver,West,Making Left Turn,Pedestrian,South,Proceeding Straight,POINT (-122.41227 37.790672),50.0,6.0,3.0,21.0,11
51995,vw_geo_sfpd_cr_switrs_all_types_col_cty_union.fid-c18a0c2_18688566ec8_-7b8d,44674,27251000.000000004,,130919222,37.7829892038089,-122.463350525169,SFPD-CROSSROADS,CITY STREET,10/29/2013 06:50:00 PM,2013 October 29,18:50:00,2013,October,Tuesday,CLEMENT ST,05TH AVE,0.0,Clear,Injury (Other Visible),Vehicle/Pedestrian,Pedestrian,Crossing in Crosswalk at Intersection,Dry,No Unusual Condition,Dark - Street Lights,Intersection <= 20ft,0.0,1,,Driver,West,Proceeding Straight,Pedestrian,South,Not Stated,POINT (-122.46335 37.78299),5.0,8.0,4.0,11.0,18
51996,vw_geo_sfpd_cr_switrs_all_types_col_cty_union.fid-c18a0c2_18688566ec8_-7edc,25754,30738000.0,,130279098,37.7876418487555,-122.403430799949,SFPD-CROSSROADS,CITY STREET,04/05/2013 07:24:00 PM,2013 April 05,19:24:00,2013,April,Friday,MARKET ST,03RD ST,0.0,Clear,Injury (Other Visible),Vehicle/Pedestrian,Pedestrian,Crossing in Crosswalk at Intersection,Dry,No Unusual Condition,Daylight,Intersection <= 20ft,0.0,1,1.0,Pedestrian,North,Other,Driver,East,Proceeding Straight,POINT (-122.40343 37.787643),32.0,6.0,3.0,8.0,19
52003,vw_geo_sfpd_cr_switrs_all_types_col_cty_union.fid-c18a0c2_186644fdb18_7aec,2934,33647000.0,,140842033,37.7276341262839,-122.403592889264,SFPD-CROSSROADS,CITY STREET,10/06/2014 06:20:00 AM,2014 October 06,06:20:00,2014,October,Monday,SAN BRUNO AVE,BACON ST,0.0,Clear,Injury (Other Visible),Vehicle/Pedestrian,Pedestrian,Crossing in Crosswalk at Intersection,Dry,No Unusual Condition,Dark - Street Lights,Intersection <= 20ft,0.0,1,1.0,Driver,East,Making Left Turn,Pedestrian,North,Proceeding Straight,POINT (-122.403595 37.727634),91.0,2.0,2.0,25.0,06
52006,vw_geo_sfpd_cr_switrs_all_types_col_cty_union.fid-c18a0c2_186644fdb18_7b80,15090,23875000.0,,141036170,37.7742810406209,-122.404748492825,SFPD-CROSSROADS,CITY STREET,12/16/2014 12:00:00 PM,2014 December 16,12:00:00,2014,December,Tuesday,BRYANT ST,07TH ST,0.0,Cloudy,Injury (Complaint of Pain),Broadside,Pedestrian,Crossing in Crosswalk at Intersection,Dry,No Unusual Condition,Daylight,Intersection <= 20ft,0.0,1,1.0,Driver,East,Making Right Turn,Pedestrian,North,Proceeding Straight,POINT (-122.40475 37.77428),32.0,1.0,10.0,34.0,12
52009,vw_geo_sfpd_cr_switrs_all_types_col_cty_union.fid-c18a0c2_186644fdb18_7ba5,23016,24490000.0,,130989786,37.7830778543794,-122.393618075401,SFPD-CROSSROADS,CITY STREET,11/22/2013 10:45:00 AM,2013 November 22,10:45:00,2013,November,Friday,BRYANT ST,02ND ST,0.0,Clear,Injury (Complaint of Pain),Broadside,Pedestrian,Crossing in Crosswalk at Intersection,Dry,No Unusual Condition,Daylight,Intersection <= 20ft,0.0,1,1.0,Driver,East,Making Left Turn,Pedestrian,West,Not Stated,POINT (-122.393616 37.783077),31.0,1.0,10.0,8.0,10
52025,vw_geo_sfpd_cr_switrs_all_types_col_cty_union.fid-c18a0c2_186644fdb18_7eb3,37931,22645000.0,,151005278,37.7313488022491,-122.455762554779,SFPD-CROSSROADS,CITY STREET,11/18/2015 05:23:00 PM,2015 November 18,17:23:00,2015,November,Wednesday,MONTEREY BLVD,VALDEZ AVE,0.0,Clear,Injury (Severe),Vehicle/Pedestrian,Pedestrian,Crossing in Crosswalk at Intersection,Dry,No Unusual Condition,Dark - Street Lights,Intersection <= 20ft,0.0,1,1.0,Driver,West,Proceeding Straight,Pedestrian,South,Not Stated,POINT (-122.455765 37.73135),70.0,9.0,8.0,41.0,17
52026,vw_geo_sfpd_cr_switrs_all_types_col_cty_union.fid-c18a0c2_18688566ec8_-7dae,38884,22992000.0,628000.0,130282364,37.7432267534337,-122.471355901555,SFPD-CROSSROADS,CITY STREET,04/06/2013 06:49:00 PM,2013 April 06,18:49:00,2013,April,Saturday,15TH AVE,TARAVAL ST,5.0,Clear,Injury (Complaint of Pain),Vehicle/Pedestrian,Pedestrian,Crossing in Crosswalk at Intersection,Dry,No Unusual Condition,Daylight,Intersection <= 20ft,0.0,1,1.0,Driver,North,Proceeding Straight,Pedestrian,West,Proceeding Straight,POINT (-122.47136 37.743225),46.0,10.0,8.0,41.0,18
52040,vw_geo_sfpd_cr_switrs_all_types_col_cty_union.fid-c18a0c2_186644fdb18_76f0,58561,27023000.0,,220152669,37.8003858245922,-122.447130573145,SFPD-INTERIM DB,CITY STREET,03/07/2022 03:17:00 PM,2022 March 07,15:17:00,2022,March,Monday,RICHARDSON AVE,FRANCISCO ST,0.0,Clear,Injury (Complaint of Pain),Sideswipe,Pedestrian,Crossing in Crosswalk at Intersection,Dry,No Unusual Condition,Daylight,Intersection <= 20ft,0.0,1,1.0,Driver,South,Making Left Turn,Pedestrian,East,Proceeding Straight,POINT (-122.44713 37.800385),14.0,4.0,6.0,13.0,15
52046,vw_geo_sfpd_cr_switrs_all_types_col_cty_union.fid-c18a0c2_18688566ec8_-7ef6,27952,25002000.0,,130256949,37.7920425144066,-122.409171361601,SFPD-CROSSROADS,CITY STREET,03/28/2013 06:50:00 PM,2013 March 28,18:50:00,2013,March,Thursday,CALIFORNIA ST,POWELL ST,0.0,Clear,Injury (Other Visible),Vehicle/Pedestrian,Pedestrian,Crossing in Crosswalk at Intersection,Dry,No Unusual Condition,Daylight,Intersection <= 20ft,0.0,1,1.0,Driver,East,Proceeding Straight,Pedestrian,North,Not Stated,POINT (-122.40917 37.79204),16.0,6.0,3.0,21.0,18
52051,vw_geo_sfpd_cr_switrs_all_types_col_cty_union.fid-c18a0c2_186644fdb18_7ff0,17266,24171000.0,9114000.0,150874474,37.7670844808766,-122.419865364725,SFPD-CROSSROADS,CITY STREET,10/06/2015 10:15:00 AM,2015 October 06,10:15:00,2015,October,Tuesday,MISSION ST,15TH ST,150.0,Clear,Injury (Complaint of Pain),Vehicle/Pedestrian,Pedestrian,"In Road, Including Shoulder",Dry,No Unusual Condition,Daylight,Midblock > 20ft,0.0,1,1.0,Pedestrian,South,Entering Traffic,Driver,South,Proceeding Straight,POINT (-122.41987 37.767086),53.0,3.0,2.0,20.0,10
52054,vw_geo_sfpd_cr_switrs_all_types_col_cty_union.fid-c18a0c2_186644fdb18_75dc,57033,25901000.0,,210773184,37.7732478005473,-122.42899005179,SFPD-INTERIM DB,CITY STREET,11/19/2021 08:10:00 PM,2021 November 19,20:10:00,2021,November,Friday,PAGE ST,WEBSTER ST,0.0,Clear,Injury (Severe),Vehicle/Pedestrian,Pedestrian,Crossing in Crosswalk at Intersection,Dry,No Unusual Condition,Dark - Street Lights,Intersection <= 20ft,0.0,1,1.0,Driver,North,Proceeding Straight,Pedestrian,East,Proceeding Straight,POINT (-122.42899 37.773247),26.0,4.0,11.0,9.0,20
52057,vw_geo_sfpd_cr_switrs_all_types_col_cty_union.fid-c18a0c2_186644fdb18_7ac4,58669,25149000.0,,220433964,37.7842357389914,-122.417706750087,SFPD-INTERIM DB,CITY STREET,07/02/2022 02:22:00 AM,2022 July 02,02:22:00,2022,July,Saturday,ELLIS ST,LARKIN ST,0.0,Clear,Injury (Other Visible),Vehicle/Pedestrian,Pedestrian,Crossing in Crosswalk at Intersection,Wet,No Unusual Condition,Dark - Street Lights,Intersection <= 20ft,0.0,1,1.0,Pedestrian,South,Proceeding Straight,Driver,East,Proceeding Straight,POINT (-122.41771 37.784237),20.0,5.0,10.0,36.0,02
52062,vw_geo_sfpd_cr_switrs_all_types_col_cty_union.fid-c18a0c2_18688566ec8_-7b11,23731,23944000.0,7039001.0,6066763,37.7815490916972,-122.404870649043,SFPD-CROSSROADS,CITY STREET,08/27/2012 09:30:00 PM,2012 August 27,21:30:00,2012,August,Monday,HOWARD ST,05TH ST,26.0,Clear,Injury (Complaint of Pain),Vehicle/Pedestrian,Pedestrian,Crossing Not in Crosswalk,Dry,No Unusual Condition,Dark - No Street Lights,Midblock > 20ft,0.0,1,,Pedestrian,North,Other,Driver,West,Proceeding Straight,POINT (-122.40487 37.781548),32.0,1.0,10.0,34.0,21
52068,vw_geo_sfpd_cr_switrs_all_types_col_cty_union.fid-c18a0c2_18688566ec8_-7e86,15648,24262000.0,,130362687,37.776746108795,-122.407842059796,SFPD-CROSSROADS,CITY STREET,05/03/2013 05:23:00 PM,2013 May 03,17:23:00,2013,May,Friday,07TH ST,FOLSOM ST,0.0,Clear,Injury (Other Visible),Vehicle/Pedestrian,Pedestrian,Crossing in Crosswalk at Intersection,Dry,No Unusual Condition,Daylight,Intersection <= 20ft,0.0,1,1.0,Driver,North,Making Left Turn,Pedestrian,West,Proceeding Straight,POINT (-122.407845 37.776745),32.0,1.0,10.0,34.0,17
52071,vw_geo_sfpd_cr_switrs_all_types_col_cty_union.fid-c18a0c2_18688566ec8_-7d6f,31886,25227000.0,10479000.0,130635688,37.7891995763964,-122.423809158266,SFPD-CROSSROADS,CITY STREET,08/01/2013 10:20:00 PM,2013 August 01,22:20:00,2013,August,Thursday,PINE ST,FRANKLIN ST,8.0,Clear,Injury (Complaint of Pain),Vehicle/Pedestrian,Pedestrian,Crossing in Crosswalk at Intersection,Dry,No Unusual Condition,Dark - Street Lights,Intersection <= 20ft,0.0,1,1.0,Driver,West,Making Left Turn,Pedestrian,West,Other,POINT (-122.42381 37.7892),102.0,4.0,6.0,39.0,22
52073,vw_geo_sfpd_cr_switrs_all_types_col_cty_union.fid-c18a0c2_18688566ec8_-7be6,7419,21340000.0,,130864683,37.7467751406471,-122.419121301114,SFPD-CROSSROADS,CITY STREET,10/12/2013 05:20:00 PM,2013 October 12,17:20:00,2013,October,Saturday,MISSION ST,PRECITA AVE,0.0,Clear,Injury (Complaint of Pain),Vehicle/Pedestrian,Pedestrian,Crossing in Crosswalk at Intersection,Dry,No Unusual Condition,Daylight,Intersection <= 20ft,0.0,1,1.0,Driver,West,Making Left Turn,Pedestrian,East,Not Stated,POINT (-122.41912 37.746777),83.0,9.0,2.0,2.0,17
52079,vw_geo_sfpd_cr_switrs_all_types_col_cty_union.fid-c18a0c2_18688566ec8_-7bc2,623,20472000.0,,130889039,37.7224316039158,-122.39562276028,SFPD-CROSSROADS,CITY STREET,10/20/2013 12:59:00 PM,2013 October 20,12:59:00,2013,October,Sunday,03RD ST,GILMAN AVE,0.0,Clear,Injury (Other Visible),Vehicle/Pedestrian,Pedestrian,Crossing in Crosswalk at Intersection,Dry,No Unusual Condition,Daylight,Intersection <= 20ft,0.0,1,1.0,Pedestrian,East,Not Stated,Driver,North,Proceeding Straight,POINT (-122.39562 37.72243),88.0,2.0,9.0,1.0,12
52082,vw_geo_sfpd_cr_switrs_all_types_col_cty_union.fid-c18a0c2_186644fdb18_74d2,56412,25148000.0,5064000.0,210660951,37.7833039646115,-122.417583415504,SFPD-INTERIM DB,CITY STREET,10/10/2021 01:16:00 PM,2021 October 10,13:16:00,2021,October,Sunday,EDDY ST,LARKIN ST,16.0,Clear,Injury (Complaint of Pain),Sideswipe,Pedestrian,Crossing in Crosswalk at Intersection,Dry,No Unusual Condition,Daylight,Intersection <= 20ft,0.0,1,1.0,Driver,West,Making Left Turn,Pedestrian,North,Proceeding Straight,POINT (-122.41758 37.783302),20.0,5.0,10.0,36.0,13
52091,vw_geo_sfpd_cr_switrs_all_types_col_cty_union.fid-c18a0c2_186644fdb18_7897,9875,24047000.0,788000.0,6083762,37.7642537175405,-122.411294922544,SFPD-CROSSROADS,CITY STREET,08/30/2012 07:29:00 AM,2012 August 30,07:29:00,2012,August,Thursday,17TH ST,FLORIDA ST,10.0,Clear,Injury (Complaint of Pain),Vehicle/Pedestrian,Pedestrian,Crossing in Crosswalk at Intersection,Dry,No Unusual Condition,Daylight,Intersection <= 20ft,0.0,1,1.0,Driver,East,Proceeding Straight,Pedestrian,North,Proceeding Straight,POINT (-122.41129 37.764256),53.0,3.0,2.0,20.0,07
52092,vw_geo_sfpd_cr_switrs_all_types_col_cty_union.fid-c18a0c2_18688566ec8_-7b1a,33518,24768000.0,3149000.0,130777484,37.7981921689869,-122.404103752382,SFPD-CROSSROADS,CITY STREET,09/15/2013 11:47:00 PM,2013 September 15,23:47:00,2013,September,Sunday,BROADWAY,MONTGOMERY ST,70.0,Clear,Injury (Severe),Vehicle/Pedestrian,Pedestrian,Crossing Not in Crosswalk,Dry,No Unusual Condition,Dark - Street Lights,Midblock > 20ft,0.0,1,1.0,Pedestrian,South,Other,Driver,East,Proceeding Straight,POINT (-122.404106 37.79819),106.0,6.0,3.0,23.0,23
52094,vw_geo_sfpd_cr_switrs_all_types_col_cty_union.fid-c18a0c2_186644fdb18_73e7,56068,20222000.000000004,,210533580,37.737106377,-122.388090826,SFPD-INTERIM DB,CITY STREET,08/20/2021 05:50:00 PM,2021 August 20,17:50:00,2021,August,Friday,KIRKWOOD AVE,MENDELL ST,0.0,Clear,Injury (Complaint of Pain),Vehicle/Pedestrian,Pedestrian,Crossing Not in Crosswalk,Dry,No Unusual Condition,Daylight,Intersection <= 20ft,0.0,1,1.0,Driver,West,Proceeding Straight,Pedestrian,East,Proceeding Straight,POINT (-122.38809 37.737106),86.0,2.0,9.0,1.0,17
52097,vw_geo_sfpd_cr_switrs_all_types_col_cty_union.fid-c18a0c2_186644fdb18_7823,59116,20847000.0,,220563050,37.7199911144915,-122.406997912924,SFPD-INTERIM DB,CITY STREET,08/21/2022 02:44:00 PM,2022 August 21,14:44:00,2022,August,Sunday,MANSELL ST,HAMILTON ST,0.0,Clear,Injury (Other Visible),Vehicle/Pedestrian,Pedestrian,Crossing in Crosswalk at Intersection,Dry,No Unusual Condition,Daylight,Intersection <= 20ft,0.0,0,1.0,Driver,West,Proceeding Straight,Pedestrian,North,Proceeding Straight,POINT (-122.407 37.71999),75.0,2.0,9.0,19.0,14
52100,vw_geo_sfpd_cr_switrs_all_types_col_cty_union.fid-c18a0c2_18688566ec8_-7f81,25862,24660000.000000004,10626000.0,130137286,37.7887280036543,-122.404956382447,SFPD-CROSSROADS,CITY STREET,02/16/2013 06:09:00 PM,2013 February 16,18:09:00,2013,February,Saturday,POST ST,GRANT AVE,78.0,Clear,Injury (Other Visible),Vehicle/Pedestrian,Pedestrian,Crossing Not in Crosswalk,Dry,No Unusual Condition,Dark - Street Lights,Midblock > 20ft,0.0,1,,Pedestrian,South,Proceeding Straight,Driver,East,Proceeding Straight,POINT (-122.40495 37.788727),19.0,6.0,3.0,8.0,18
52101,vw_geo_sfpd_cr_switrs_all_types_col_cty_union.fid-c18a0c2_18688566ec8_-7b5a,2024,22063000.0,3835000.0,130929049,37.7214776056397,-122.440133636029,SFPD-CROSSROADS,CITY STREET,11/01/2013 07:29:00 PM,2013 November 01,19:29:00,2013,November,Friday,CAYUGA AVE,BALHI CT,16.0,Clear,Injury (Complaint of Pain),Vehicle/Pedestrian,Pedestrian,Crossing Not in Crosswalk,Dry,No Unusual Condition,Dark - Street Lights,Intersection <= 20ft,0.0,1,1.0,Pedestrian,East,Not Stated,Driver,North,Proceeding Straight,POINT (-122.44013 37.721478),80.0,9.0,1.0,28.0,19
52109,vw_geo_sfpd_cr_switrs_all_types_col_cty_union.fid-c18a0c2_186644fdb18_765e,56607,25166000.0,7120000.0,210829862,37.7862423467405,-122.416435361917,SFPD-INTERIM DB,CITY STREET,12/16/2021 11:19:00 PM,2021 December 16,23:19:00,2021,December,Thursday,HYDE ST,GEARY ST,25.0,Raining,Injury (Other Visible),Vehicle/Pedestrian,Pedestrian,Crossing Not in Crosswalk,Wet,No Unusual Condition,Dark - Street Lights,Midblock > 20ft,0.0,1,,Pedestrian,West,Proceeding Straight,Driver,South,Making Left Turn,POINT (-122.416435 37.786243),20.0,6.0,10.0,36.0,23
52110,vw_geo_sfpd_cr_switrs_all_types_col_cty_union.fid-c18a0c2_186644fdb18_7ad8,58793,21561000.0,,220492211,37.7138861682721,-122.44895044313,SFPD-INTERIM DB,CITY STREET,07/25/2022 10:50:00 AM,2022 July 25,10:50:00,2022,July,Monday,ALEMANY BLVD,NAGLEE AVE,0.0,Clear,Injury (Complaint of Pain),Broadside,Pedestrian,Crossing in Crosswalk at Intersection,Dry,No Unusual Condition,Daylight,Intersection <= 20ft,0.0,1,1.0,Driver,North,Proceeding Straight,Pedestrian,East,Proceeding Straight,POINT (-122.44895 37.713886),66.0,9.0,1.0,28.0,10
52111,vw_geo_sfpd_cr_switrs_all_types_col_cty_union.fid-c18a0c2_18688566ec8_-7df2,15423,24279000.0,5669000.0,130518921,37.7776678961306,-122.406675146566,SFPD-CROSSROADS,CITY STREET,06/24/2013 02:50:00 PM,2013 June 24,14:50:00,2013,June,Monday,FOLSOM ST,RUSS ST,20.0,Raining,Injury (Complaint of Pain),Vehicle/Pedestrian,Pedestrian,Crossing Not in Crosswalk,Wet,No Unusual Condition,Daylight,Intersection <= 20ft,0.0,1,1.0,Pedestrian,North,Proceeding Straight,Driver,East,Making Left Turn,POINT (-122.40668 37.777668),32.0,1.0,10.0,34.0,14
52112,vw_geo_sfpd_cr_switrs_all_types_col_cty_union.fid-c18a0c2_186644fdb18_754d,22320,26059000.0,6826000.0,130069811,37.7747003492876,-122.440073857729,SFPD-CROSSROADS,CITY STREET,01/25/2013 12:20:00 PM,2013 January 25,12:20:00,2013,January,Friday,HAYES ST,BRODERICK ST,178.0,Clear,Injury (Complaint of Pain),Vehicle/Pedestrian,Pedestrian,Crossing Not in Crosswalk,Dry,No Unusual Condition,Daylight,Midblock > 20ft,0.0,1,2.0,Driver,West,Proceeding Straight,Pedestrian,South,Not Stated,POINT (-122.44007 37.7747),24.0,7.0,11.0,9.0,12